timestamp,takim_numarasi,iha_enlem,iha_boylam,iha_irtifa,iha_dikilme,iha_yonelme,iha_yatis,zaman_farki
14:11:11,11,41.51308,36.1192665,-0.815,-0.909566164,45.0,2.01982284,2028.0
14:11:11,11,41.51308,36.1192665,-0.873,-0.9379983,45.0,1.95751476,1788.0
14:11:12,11,41.51308,36.1192665,-0.928,-0.9171308,45.0,1.88804257,1822.0
14:11:13,11,41.51308,36.1192665,-0.952,-0.8875484,45.0,2.03697538,1760.0
14:11:14,11,41.51308,36.1192665,-1.001,-0.862673461,45.0,1.83328748,1808.0
14:11:15,11,41.5130768,36.1192665,-1.026,-0.756664157,45.0,0.940909863,1739.0
14:11:16,11,41.5130844,36.119278,-0.992,-0.293376267,38.0,0.21077092,1674.0
14:11:17,11,41.51311,36.1193161,-0.822,3.267174,27.0,-1.71926975,1612.0
14:11:18,11,41.5131721,36.1193962,2.039,14.9820766,30.0,1.30787122,1666.0
14:11:19,11,41.5132179,36.1194649,7.01,15.7693958,31.0,-0.403614074,1603.0
14:11:20,11,41.51329,36.11957,13.01,13.4938688,36.0,16.2502155,1544.0
14:11:21,11,41.51334,36.1196747,16.387,7.58912039,42.0,13.4806376,1470.0
14:11:22,11,41.51344,36.119976,21.495,1.40853441,52.0,10.0270576,502.0
14:11:23,11,41.51346,36.12013,22.998,1.082308,69.0,40.36599,1344.0
14:11:24,11,41.5134468,36.1202431,24.084,3.63051534,76.0,36.7946053,1271.0
14:11:25,11,41.5133629,36.12046,27.243,5.36344767,101.0,28.69455,1296.0
14:11:26,11,41.5132179,36.1206436,32.036,6.626997,126.0,20.5722141,1230.0
14:11:27,11,41.513092,36.12075,37.039,8.56796551,136.0,11.2175617,1262.0
14:11:28,11,41.5129051,36.1208763,44.325,9.183256,140.0,10.0172253,1212.0
14:11:29,11,41.512764,36.1209564,49.531,8.34717751,144.0,9.292864,1137.0
14:11:30,11,41.51256,36.121048,55.308,8.497908,150.0,14.88983,1376.0
14:11:31,11,41.5124054,36.12109,59.018,8.240723,161.0,22.3405,1237.0
14:11:32,11,41.5122566,36.1210976,62.278,5.853011,169.0,16.4789677,1380.0
14:11:33,11,41.51207,36.12108,64.682,1.64750373,173.0,9.835866,1319.0
14:11:34,11,41.51193,36.1210556,65.781,0.11700023,181.0,6.847178,1256.0
14:11:35,11,41.5117378,36.1210136,67.067,-1.43904161,184.0,3.93548679,1193.0
14:11:36,11,41.5115929,36.1209755,67.935,-2.01811266,185.0,2.576984,1052.0
14:11:37,11,41.5113945,36.12092,68.971,-4.2007165,185.0,0.548461854,1120.0
14:11:38,11,41.5113,36.1208878,69.364,-4.614732,186.0,0.209616557,1981.0
14:11:38,11,41.5111122,36.12084,69.512,-5.05966568,185.0,2.572858,1907.0
14:11:39,11,41.5109558,36.1207924,69.125,-6.806672,189.0,-2.91594267,1838.0
14:11:40,11,41.5108,36.12075,69.036,-6.347428,180.0,-3.15537119,1866.0
14:11:41,11,41.5106468,36.1207161,68.314,-7.627917,182.0,-1.47519636,1788.0
14:11:42,11,41.51049,36.1206856,67.355,-6.783656,180.0,0.579389036,1742.0
14:11:43,11,41.51041,36.1206665,66.586,-7.37742758,192.0,44.6751442,1685.0
14:11:44,11,41.51026,36.1205826,63.25,-11.0667238,217.0,41.275425,1618.0
14:11:45,11,41.51015,36.1204071,59.554,-11.31431,241.0,42.9771767,1651.0
14:11:46,11,41.5101166,36.11995,53.082,-4.600667,294.0,38.754734,791.0
14:11:47,11,41.5102043,36.11979,51.533,-3.05701828,320.0,33.07593,928.0
14:11:54,11,41.5109,36.11954,50.743,-3.50251317,359.0,-7.25839758,1956.0
14:11:55,11,41.51103,36.1194954,51.588,-5.14821,351.0,-11.4434757,2087.0
14:12:2,11,41.5118256,36.1186829,51.145,-5.37793732,344.0,32.82299,1125.0
14:12:3,11,41.5120468,36.1186638,50.269,-4.08888,14.0,17.7720661,584.0
14:12:8,11,41.5125732,36.11895,49.165,-5.61982346,24.0,-1.66457117,1254.0
14:12:9,11,41.5125732,36.11895,49.165,-5.61982346,24.0,-1.66457117,1967.0
14:12:10,11,41.51266,36.1189957,48.838,-4.629335,22.0,-4.30461,2011.0
14:12:11,11,41.5128479,36.1191368,49.645,5.310362,44.0,35.9354172,1048.0
14:12:12,11,41.512886,36.11926,51.904,7.22976875,60.0,33.1946564,979.0
14:12:12,11,41.5129,36.1194458,54.686,4.867764,78.0,25.8841877,923.0
14:12:13,11,41.512886,36.1195869,56.339,2.94387674,87.0,16.0662041,957.0
14:12:19,11,41.5126038,36.1205139,61.873,-1.41285264,95.0,-2.52066636,1874.0
14:12:20,11,41.5125732,36.1206665,62.874,-2.618708,91.0,-3.05608916,1810.0
14:12:21,11,41.5125465,36.1207924,62.833,-3.79433322,89.0,-3.726513,1766.0
14:12:22,11,41.5125237,36.12094,62.783,-3.247265,86.0,-0.283712655,1721.0
14:12:23,11,41.51249,36.12113,61.922,-0.249129653,92.0,38.74119,1647.0
14:12:24,11,41.5124321,36.1212463,60.939,-1.33455515,115.0,41.2497063,1681.0
14:12:25,11,41.5122948,36.12136,60.356,0.2810177,135.0,41.1600456,1537.0
14:12:26,11,41.5121536,36.12139,60.25,0.9253665,164.0,35.66395,1459.0
14:12:27,11,41.5119553,36.1213531,60.821,0.692577541,186.0,21.5985565,1487.0
14:12:28,11,41.5118141,36.1212845,61.441,0.29483062,196.0,11.015872,1421.0
14:12:29,11,41.5116272,36.12117,62.164,-0.8634405,201.0,1.70100093,1353.0
14:12:30,11,41.5114937,36.12108,62.589,-1.29603732,201.0,-3.94614434,1293.0
14:12:31,11,41.5113678,36.1210022,63.022,-2.29606414,197.0,-5.23541641,1140.0
14:12:32,11,41.5111961,36.12091,63.798,-2.24919319,195.0,-5.42303,1130.0
14:12:33,11,41.5110626,36.12085,64.289,-3.20937681,187.0,-7.73484325,1973.0
14:12:34,11,41.5108871,36.12078,64.881,-3.291937,186.0,-5.14734554,1919.0
14:12:35,11,41.5107536,36.12074,65.46,-4.14388943,184.0,-4.381401,1955.0
14:12:35,11,41.51058,36.12069,66.982,-6.30599451,180.0,-3.43011832,1885.0
14:12:36,11,41.5104866,36.1206665,67.591,-6.10037231,177.0,17.0928535,1831.0
14:12:37,11,41.51026,36.1205826,66.541,-12.9115562,190.0,43.606884,1770.0
14:12:38,11,41.51015,36.120472,64.542,-10.77732,220.0,43.5705681,1698.0
14:12:39,11,41.51007,36.1203232,62.446,-11.8735352,242.0,42.9326134,1625.0
14:12:40,11,41.51002,36.1201,59.416,-11.2559252,273.0,43.3134956,1554.0
14:12:41,11,41.5100327,36.11993,57.716,-7.80428839,293.0,42.55456,1495.0
14:12:42,11,41.510128,36.1197357,56.268,-8.327639,306.0,31.812746,1420.0
14:12:43,11,41.5102425,36.11964,55.047,-6.856108,340.0,17.0941811,1355.0
14:12:44,11,41.5103836,36.11957,52.858,-6.08823252,346.0,11.3346806,1389.0
14:12:45,11,41.5104752,36.119545,51.725,-6.62927246,353.0,7.0304656,1348.0
14:12:46,11,41.5106,36.1195221,51.298,-5.54450846,358.0,3.939803,1239.0
14:12:47,11,41.510704,36.1195068,51.021,-5.83141661,357.0,2.18281651,2138.0
14:12:48,11,41.51094,36.1194649,49.459,-5.006893,358.0,-6.20493126,1603.0
14:12:49,11,41.51103,36.119442,48.981,-5.10172939,354.0,-8.242451,1540.0
14:12:50,11,41.5111427,36.1193924,48.856,-4.68155575,349.0,-9.109708,1570.0
14:12:51,11,41.5112267,36.11934,49.189,-4.50652647,342.0,-6.93687963,1800.0
14:12:52,11,41.51134,36.1192474,49.851,-5.45445251,336.0,-9.682803,1725.0
14:12:53,11,41.51143,36.11916,50.742,-5.68187141,334.0,-4.43603563,1657.0
14:12:54,11,41.511528,36.11904,51.414,-7.71354675,330.0,-4.97442675,1485.0
14:12:55,11,41.51163,36.1189079,50.572,-8.952997,320.0,-6.524774,1625.0
14:12:56,11,41.51173,36.1187744,48.203,-3.92562485,320.0,35.5222855,1678.0
14:12:57,11,41.5118523,36.1186867,46.149,-3.69753242,348.0,32.99656,1506.0
14:12:58,11,41.51192,36.1186752,45.876,-1.98018408,6.0,21.8993168,1433.0
14:12:59,11,41.51205,36.1187,46.359,-1.30240178,16.0,11.6215982,1496.0
14:13:0,11,41.51217,36.1187477,47.255,-2.31719279,20.0,5.65827,1397.0
14:13:1,11,41.51228,36.1188049,47.754,-3.5892396,27.0,2.50739455,2271.0
14:13:2,11,41.51239,36.11887,48.052,-3.83959937,26.0,-1.62878871,2197.0
14:13:3,11,41.5125237,36.11894,48.084,-3.70501137,25.0,-1.64556956,2127.0
14:13:4,11,41.5126076,36.11898,48.077,-3.77815843,22.0,-2.121402,2064.0
14:13:5,11,41.5126953,36.11902,48.065,-3.642335,21.0,-1.67651653,2044.0
14:13:6,11,41.51281,36.1190872,48.835,3.92514658,34.0,37.1068,1989.0
14:13:6,11,41.5128746,36.1192055,51.426,8.353362,59.0,34.3256874,1924.0
14:13:7,11,41.5128937,36.1194229,56.566,4.94342947,75.0,23.8549328,1870.0
14:13:8,11,41.51287,36.11959,59.34,2.34562135,91.0,15.55722,1799.0
14:13:9,11,41.5127869,36.1198845,62.296,-1.52759957,99.0,2.63250947,844.0
14:13:10,11,41.51275,36.12,62.708,-2.57562923,99.0,-1.01659012,774.0
14:13:11,11,41.51271,36.12011,62.8,-2.90221643,100.0,-1.928912,820.0
14:13:12,11,41.5126648,36.120266,62.6,-3.189162,98.0,-2.66554713,872.0
14:13:13,11,41.51263,36.12039,62.299,-3.21099377,96.0,-2.9910965,746.0
14:13:14,11,41.51259,36.120575,61.923,-3.05030513,92.0,-3.30052757,1888.0
14:13:15,11,41.51256,36.1207123,61.624,-2.78821778,89.0,-0.973538756,1859.0
14:13:16,11,41.51253,36.1208839,61.898,-2.16731048,87.0,-1.841168,1792.0
14:13:17,11,41.5125122,36.1210136,62.143,-2.572066,87.0,-0.486557215,1830.0
14:13:18,11,41.5124855,36.1211472,61.691,-0.507199168,91.0,39.41736,1765.0
14:13:20,11,41.51226,36.1213951,59.939,0.23602365,146.0,41.4735451,1011.0
14:13:21,11,41.5120659,36.12141,59.972,0.6443615,174.0,34.9266548,1049.0
14:13:22,11,41.51192,36.12136,60.84,1.72669482,190.0,21.37633,1172.0
14:13:23,11,41.5117455,36.1212578,61.888,0.00135237747,199.0,4.669295,1046.0
14:13:24,11,41.5116158,36.12117,62.071,-0.8504814,202.0,-0.393016338,975.0
14:13:24,11,41.5114937,36.1210861,62.423,-1.14132977,201.0,-3.29800773,938.0
14:13:25,11,41.5113258,36.1209831,62.836,-2.02967572,196.0,-5.5259676,885.0
14:13:26,11,41.5111961,36.12091,63.118,-2.40249038,193.0,-6.22583246,831.0
14:13:27,11,41.51101,36.1208267,63.409,-2.98686886,188.0,-5.980386,694.0
14:13:28,11,41.5108261,36.12076,64.463,-3.2317524,187.0,-2.26004386,640.0
14:13:29,11,41.5107079,36.1207275,65.451,-4.27609968,186.0,-2.81666875,1561.0
14:13:30,11,41.51054,36.1206856,66.479,-5.572957,183.0,-2.52362847,1492.0
14:13:31,11,41.5104141,36.1206551,66.561,-4.48381758,181.0,41.5181465,1430.0
14:13:32,11,41.5102158,36.120533,63.556,-10.419898,205.0,43.3689537,1370.0
14:13:33,11,41.51012,36.1204,61.097,-12.88118,234.0,42.31207,1316.0
14:13:34,11,41.5100632,36.12024,58.328,-8.0023,253.0,44.38097,1253.0
14:13:35,11,41.5100441,36.1200066,54.487,-6.593092,287.0,44.2489929,1214.0
14:13:36,11,41.5100861,36.119854,52.643,-4.94121647,314.0,39.4093666,1152.0
14:13:37,11,41.5101929,36.1197281,51.038,-3.79895973,337.0,20.8885059,1086.0
14:13:38,11,41.51032,36.1196556,49.604,-3.595492,349.0,10.4314833,1215.0
14:13:39,11,41.5104179,36.1196251,49.344,-3.25335836,353.0,4.452438,1149.0
14:13:40,11,41.5105476,36.1195946,49.637,-2.99841571,355.0,4.21557331,1080.0
14:13:41,11,41.5106468,36.1195755,50.006,-3.542141,356.0,1.69277525,1013.0
14:13:42,11,41.5107422,36.1195564,50.692,-4.06714869,359.0,2.532118,958.0
14:13:42,11,41.51087,36.1195335,51.152,-5.71900129,358.0,-5.41109276,923.0
14:13:43,11,41.5109634,36.11951,51.076,-5.07172775,355.0,-9.446083,1787.0
14:13:44,11,41.5110855,36.11946,50.713,-4.92868,351.0,-9.806884,1712.0
14:13:45,11,41.51118,36.1194077,50.566,-4.870463,346.0,-9.967606,1637.0
14:13:46,11,41.5112839,36.1193352,50.105,-4.9629035,338.0,-10.7733564,1560.0
14:13:47,11,41.5114136,36.11921,49.769,-4.26982355,330.0,-8.055526,1584.0
14:13:48,11,41.5115051,36.1191025,49.589,-4.254669,326.0,-6.25267172,1521.0
14:13:49,11,41.51162,36.1189461,49.361,-4.306837,321.0,-3.88652325,1443.0
14:13:50,11,41.5116959,36.1188354,49.318,-4.124047,318.0,-2.53910351,1370.0
14:13:51,11,41.511776,36.1187325,49.317,-1.5837059,322.0,39.2083473,1401.0
14:13:52,11,41.51191,36.1186447,48.813,-2.45467639,346.0,33.6494064,1329.0
14:13:53,11,41.5120277,36.1186371,48.608,-3.8888886,5.0,25.4712353,1260.0
14:13:54,11,41.51218,36.1186829,48.834,-2.1022532,21.0,13.7583551,1198.0
14:13:55,11,41.5122833,36.1187363,49.718,-2.082409,25.0,6.77052832,1424.0
14:13:56,11,41.51249,36.1188622,51.023,-3.90591955,28.0,1.02508616,1382.0
14:13:57,11,41.51257,36.11891,51.419,-3.95041585,26.0,-0.762146354,1321.0
14:13:58,11,41.51257,36.11891,51.419,-3.95041585,26.0,-0.762146354,2068.0
14:13:59,11,41.5126839,36.1189766,52.117,-3.726605,24.0,-0.417547137,2012.0
14:14:0,11,41.51277,36.1190224,52.707,-3.12311244,25.0,24.1090813,2049.0
14:14:1,11,41.5129,36.119278,57.019,5.26129055,64.0,30.4910164,1282.0
14:14:2,11,41.5129,36.1194725,59.087,1.819206,76.0,21.87662,1327.0
14:14:3,11,41.5128746,36.11962,60.017,0.1632007,87.0,14.1963921,1272.0
14:14:4,11,41.5128365,36.1197624,60.614,-1.33234024,93.0,4.69268227,1202.0
14:14:5,11,41.51278,36.11994,61.594,-1.23047733,97.0,1.92626274,1129.0
14:14:6,11,41.5127335,36.1200752,61.891,-2.125487,97.0,-1.96131873,1058.0
14:14:7,11,41.5126762,36.1202545,61.918,-2.55012441,95.0,-3.93334746,990.0
14:14:8,11,41.51264,36.1203766,61.91,-2.736305,95.0,-2.75409484,1028.0
14:14:8,11,41.5126,36.1205444,61.763,-2.6715827,94.0,-3.3868382,890.0
14:14:9,11,41.5125732,36.12067,61.633,-2.4956212,92.0,-3.30299759,902.0
14:14:10,11,41.5125427,36.12085,61.934,-1.968159,89.0,-0.882506132,1758.0
14:14:11,11,41.5125122,36.1210136,62.193,-2.36571527,88.0,-0.96917367,1684.0
14:14:12,11,41.51247,36.1211739,61.742,-3.62568045,102.0,39.7845535,1603.0
14:14:13,11,41.5123558,36.1213036,61.822,-0.291623354,130.0,38.3923531,1531.0
14:14:14,11,41.51228,36.1213455,62.164,-1.13209558,150.0,38.7964172,1566.0
14:14:16,11,41.51194,36.1213226,63.414,-2.65867734,190.0,16.3036842,1608.0
14:14:17,11,41.51178,36.12124,64.502,-2.33518529,194.0,8.555443,1737.0
14:14:18,11,41.5115166,36.12107,65.19,-4.77335453,200.0,-3.5825994,776.0
14:14:19,11,41.511364,36.1209831,64.404,-5.33129644,196.0,-4.81998634,709.0
14:14:20,11,41.5112457,36.1209221,63.935,-4.77476168,194.0,-5.14972162,634.0
14:14:21,11,41.51108,36.12085,63.145,-4.5389986,190.0,-4.3144865,479.0
14:14:22,11,41.51095,36.1208,63.189,-3.58104944,189.0,-2.68734384,390.0
14:14:23,11,41.5107956,36.12075,63.832,-3.761726,186.0,-3.83175755,1301.0
14:14:24,11,41.5105667,36.12068,64.184,-5.38492441,185.0,-3.89474154,1331.0
14:14:25,11,41.51041,36.1206474,64.346,-5.48934031,182.0,42.54231,1266.0
14:14:26,11,41.510273,36.1205864,62.911,-10.4224968,201.0,44.17253,1194.0
14:14:27,11,41.5101662,36.120472,60.602,-7.48592854,223.0,44.7556572,1129.0
14:14:28,11,41.5100861,36.1203079,57.599,-12.5340109,247.0,42.1071053,1269.0
14:14:29,11,41.5100632,36.1200638,54.854,-7.56087,279.0,44.1389847,1197.0
14:14:30,11,41.5100975,36.1199,53.568,-6.115871,304.0,42.7666,1133.0
14:14:31,11,41.5102,36.1197433,51.185,-5.63528442,319.0,30.3230114,1059.0
14:14:32,11,41.5103035,36.1196671,49.496,-4.636134,342.0,19.914093,1090.0
14:14:33,11,41.51045,36.1196175,49.668,-2.93222952,350.0,8.252113,1011.0
14:14:33,11,41.5105476,36.1195946,49.869,-3.193316,355.0,5.80606747,959.0
14:14:34,11,41.51065,36.11958,49.875,-3.66695356,0.0,3.96460938,897.0
14:14:35,11,41.51078,36.1195641,49.507,-4.21267128,0.0,-0.7394604,1744.0
14:14:36,11,41.5108757,36.11955,49.384,-3.97981548,358.0,-7.06195068,1740.0
14:14:37,11,41.5110054,36.11951,49.228,-4.111206,352.0,-10.4643526,1678.0
14:14:38,11,41.5111046,36.1194649,49.049,-4.01932049,345.0,-12.535018,1621.0
14:14:39,11,41.5112,36.1194038,49.083,-3.71520019,341.0,-10.3054781,1574.0
14:14:40,11,41.511322,36.119297,48.888,-3.96883178,334.0,-9.012456,1502.0
14:14:41,11,41.5114136,36.1192,48.74,-3.664159,330.0,-7.514517,1456.0
14:14:42,11,41.5115242,36.1190643,48.658,-3.30264735,325.0,-4.86173153,1377.0
14:14:43,11,41.51163,36.11892,48.528,-3.50116634,323.0,-3.30428672,1312.0
14:14:44,11,41.51171,36.1188049,48.416,-2.54624939,321.0,27.5936031,1344.0
14:14:45,11,41.5118027,36.11871,47.723,-2.49154425,335.0,36.2489738,1278.0
14:14:46,11,41.5119438,36.1186562,47.171,-0.6475773,354.0,27.2689056,1210.0
14:14:47,11,41.51205,36.11867,47.407,-1.13184106,12.0,18.2733574,1237.0
14:14:48,11,41.5121155,36.1186943,47.88,-0.972315431,23.0,9.966158,1207.0
14:14:49,11,41.5122643,36.1187744,49.439,-1.96875918,28.0,3.127194,1168.0
14:14:50,11,41.51237,36.11884,49.92,-2.61844563,25.0,2.53421187,2026.0
14:14:51,11,41.51247,36.1189041,50.415,-3.00595713,26.0,-1.42919457,1952.0
14:14:52,11,41.5125771,36.1189651,51.097,-4.13440228,24.0,-2.24808073,1982.0
14:14:52,11,41.5126839,36.11902,52.099,-5.53448772,23.0,-4.2645483,1904.0
14:14:53,11,41.51274,36.1190453,52.846,-0.427179456,20.0,35.62615,1823.0
14:14:54,11,41.5128441,36.1191368,54.624,5.21997547,48.0,35.62817,1848.0
14:14:55,11,41.5128975,36.11931,58.371,3.5805378,65.0,31.6508636,1773.0
14:14:56,11,41.5129051,36.119503,61.448,1.16912758,73.0,26.9061852,1696.0
14:14:57,11,41.5128746,36.1196976,64.186,-0.8459691,90.0,17.67011,1629.0
14:14:58,11,41.51282,36.11988,66.106,-2.93961549,94.0,8.242175,1560.0
14:14:59,11,41.512764,36.1200523,66.047,-4.811964,96.0,2.08718061,1587.0
14:15:1,11,41.5126343,36.1204758,64.11,-4.96484756,93.0,-2.74014521,648.0
14:15:2,11,41.51258,36.1206932,63.477,-4.657574,92.0,-2.5975244,634.0
14:15:3,11,41.5125542,36.12082,63.046,-4.80658245,90.0,-3.10382867,1502.0
14:15:4,11,41.51253,36.12094,62.551,-4.22945,89.0,-1.86720681,1432.0
14:15:5,11,41.5124969,36.12112,62.013,-1.14115572,91.0,39.0903625,1357.0
14:15:6,11,41.51243,36.12126,60.614,-2.4430306,115.0,39.22343,1281.0
14:15:7,11,41.51231,36.12136,60.297,-2.14948559,145.0,41.4486,1306.0
14:15:8,11,41.51211,36.1213837,61.402,-0.4062493,174.0,27.7795181,1330.0
14:15:9,11,41.5119743,36.1213455,61.828,-1.03705227,186.0,21.6034832,1250.0
14:15:10,11,41.5118027,36.12126,61.403,-3.02499032,196.0,10.4294453,1296.0
14:15:11,11,41.5116844,36.12119,61.181,-2.85757613,198.0,3.870484,1119.0
14:15:12,11,41.5115242,36.12109,61.3,-2.54229665,199.0,-2.15273976,1149.0
14:15:13,11,41.5114441,36.12104,61.46,-2.4578774,199.0,-3.317918,1072.0
14:15:14,11,41.51128,36.1209526,61.511,-2.80592656,197.0,-4.545698,1000.0
14:15:14,11,41.5110626,36.12085,61.84,-2.49115968,191.0,-4.69308472,920.0
14:15:15,11,41.51089,36.12078,61.989,-3.02983618,187.0,-4.429632,849.0
14:15:16,11,41.51077,36.1207428,62.053,-2.89432478,186.0,-3.45676351,1721.0
14:15:17,11,41.51058,36.1206856,61.946,-2.71376014,184.0,-2.48303413,1649.0
14:15:18,11,41.5104179,36.1206436,62.036,-1.20395827,183.0,39.1358147,1689.0
14:15:20,11,41.5101433,36.1203728,60.59,0.0363705456,238.0,45.26468,1129.0
14:15:21,11,41.5100975,36.12017,60.272,0.705637753,265.0,44.6412544,1075.0
14:15:22,11,41.51012,36.11993,61.021,1.32058191,296.0,45.9677963,1009.0
14:15:23,11,41.51018,36.1197929,61.793,0.350711733,317.0,38.77172,949.0
14:15:23,11,41.5103035,36.1196747,63.044,-1.123635,339.0,22.8407955,903.0
14:15:24,11,41.51041,36.11962,64.277,-1.09144974,349.0,15.3634977,938.0
14:15:25,11,41.5105743,36.11957,66.009,-3.41035557,355.0,6.3534503,868.0
14:15:26,11,41.5106964,36.11954,66.641,-5.416328,355.0,3.079476,803.0
14:15:27,11,41.51076,36.11953,66.695,-5.51010752,1.0,-1.10470319,743.0
14:15:28,11,41.5108833,36.1195068,66.353,-5.77202368,358.0,-5.334033,627.0
14:15:29,11,41.511,36.1194725,66.475,-5.670014,356.0,-7.06829262,699.0
14:15:30,11,41.51112,36.11942,66.492,-6.81791353,349.0,-11.5335684,1535.0
14:15:31,11,41.5112343,36.1193466,65.962,-7.03875065,346.0,-9.031224,1467.0
14:15:32,11,41.5113373,36.1192665,65.703,-5.70476532,336.0,-9.885795,1389.0
14:15:33,11,41.5114441,36.1191559,65.485,-6.40780258,332.0,-6.994885,1312.0
14:15:34,11,41.5115166,36.11907,65.203,-6.18059635,329.0,-5.32807875,1345.0
14:15:35,11,41.5115967,36.11896,64.661,-6.304121,327.0,-3.03634739,1280.0
14:15:36,11,41.5117073,36.11881,64.564,-5.48633146,322.0,22.2915783,1215.0
14:15:37,11,41.5118,36.1187172,64.725,-5.315388,337.0,33.4488564,1142.0
14:15:38,11,41.51191,36.1186752,64.995,-5.055532,355.0,27.3195534,1073.0
14:15:40,11,41.5121346,36.1187134,64.359,-6.9778347,14.0,11.2721844,1222.0
14:15:41,11,41.51234,36.1188278,61.779,-4.32122755,23.0,1.429808,504.0
14:15:42,11,41.5124245,36.11888,61.337,-4.051668,24.0,-0.28732717,1584.0
14:15:44,11,41.51262,36.11899,60.525,-3.658992,25.0,-4.291001,1429.0
14:15:45,11,41.5127525,36.1190567,61.428,-2.88008213,21.0,30.9004288,1453.0
14:15:46,11,41.5128441,36.1191368,61.633,-3.39885139,42.0,36.0781975,1377.0
14:15:47,11,41.5128975,36.1192627,61.782,-3.40200853,60.0,32.3192635,1406.0
14:15:48,11,41.51291,36.1194267,62.202,-2.646252,74.0,23.46471,1331.0
14:15:49,11,41.5128937,36.1195526,62.362,-3.318997,86.0,18.1300182,1365.0
14:15:50,11,41.5128632,36.11968,62.04,-3.39468956,92.0,10.7488451,1307.0
14:15:51,11,41.51281,36.11984,61.403,-3.97130346,98.0,3.31119752,1235.0
14:15:52,11,41.51276,36.1199837,60.497,-9.579681,97.0,0.08754036,1260.0
14:15:53,11,41.5126839,36.12022,59.055,5.98483372,100.0,7.38404655,1188.0
14:15:54,11,41.5126152,36.12037,63.171,1.79089165,105.0,14.7086592,1054.0
14:15:55,11,41.51253,36.120533,63.054,-6.813335,112.0,15.5015221,2045.0
14:15:55,11,41.512455,36.1206436,63.586,0.0484135,119.0,9.098548,1896.0
14:15:57,11,41.51235,36.1207733,64.126,-3.94724655,127.0,-1.67404985,1923.0
14:15:57,11,41.51224,36.12089,64.993,6.079874,122.0,6.92405224,1850.0
14:15:58,11,41.5121651,36.1209641,65.508,2.92622685,127.0,18.2271,1769.0
14:15:59,11,41.5120544,36.12103,65.014,0.4061228,138.0,30.84939,1691.0
14:16:0,11,41.51193,36.12105,62.327,-6.734729,169.0,40.05236,1717.0
14:16:1,11,41.511795,36.121,59.348,-2.63778448,202.0,17.8125286,1641.0
14:16:2,11,41.5117035,36.1209221,59.06,1.33709061,208.0,5.33570671,1561.0
14:16:3,11,41.5115852,36.12082,57.648,-5.17017555,205.0,-10.1268568,1384.0
14:16:4,11,41.5114479,36.1207466,58.159,6.424661,188.0,-18.4889164,1420.0
14:16:5,11,41.51139,36.1207237,58.178,3.85300159,169.0,8.485149,1547.0
14:16:6,11,41.5112762,36.12068,56.795,7.306081,193.0,15.2966318,1474.0
14:16:7,11,41.51117,36.1206169,56.051,-1.643399,204.0,10.09117,1343.0
14:16:8,11,41.5110664,36.12053,54.206,-2.34650445,211.0,3.62647486,2292.0
14:16:9,11,41.51084,36.1204529,49.357,-23.1370373,134.0,-74.128685,1287.0
14:16:10,11,41.51081,36.1206131,45.619,-5.7672596,70.0,-47.70958,1319.0
14:16:11,11,41.5108376,36.1206932,45.181,-20.493866,54.0,-31.8576012,1251.0
14:16:12,11,41.5109138,36.12085,40.21,-14.7936382,37.0,-29.61846,1178.0
14:16:13,11,41.51104,36.1209373,38.481,2.47986245,16.0,-13.4451733,1117.0
14:16:14,11,41.51117,36.12095,41.358,5.5192523,11.0,-2.47781682,1354.0
14:16:15,11,41.5112877,36.12095,43.448,4.21911955,11.0,0.986516535,1392.0
14:16:16,11,41.5114059,36.1209526,44.826,3.13001084,11.0,1.14459622,1323.0
14:16:17,11,41.51152,36.1209564,46.177,3.40371513,12.0,1.03315926,1253.0
14:16:18,11,41.5115967,36.1209641,47.067,3.83654165,12.0,0.9484659,1182.0
14:16:19,11,41.51171,36.1209755,48.476,4.05062675,12.0,-0.5086024,1131.0
14:16:20,11,41.51179,36.1209831,49.591,2.48015285,12.0,-0.425141215,1119.0
14:16:21,11,41.5119057,36.1209946,51.01,2.19242549,11.0,-0.182842076,2001.0
14:16:22,11,41.512,36.121006,52.571,3.01691222,10.0,0.02420926,1936.0
14:16:23,11,41.5121269,36.1210136,54.642,2.34017444,8.0,0.22552231,1969.0
14:16:24,11,41.5123253,36.1210251,57.377,1.5832659,7.0,0.7848009,1407.0
14:16:25,11,41.5124664,36.1210327,59.245,1.50033343,7.0,2.079289,1347.0
14:16:26,11,41.51257,36.1210251,60.814,3.86288953,4.0,-36.73572,1372.0
14:16:27,11,41.5126724,36.12097,61.923,1.11528468,337.0,-42.12985,1300.0
14:16:28,11,41.5127754,36.1207848,62.648,-0.3459985,302.0,-43.79096,1330.0
14:16:29,11,41.5127945,36.12061,62.748,0.45280388,278.0,-44.55258,1167.0
14:16:30,11,41.5127335,36.1203842,62.987,-0.506404,250.0,-44.52962,1120.0
14:16:31,11,41.5126381,36.1202545,63.523,0.0359359719,218.0,-45.02858,1048.0
14:16:31,11,41.5124741,36.1201744,64.277,0.198446125,187.0,-40.9119263,973.0
14:16:33,11,41.512352,36.1201744,64.606,-2.34635878,168.0,-32.2291374,949.0
14:16:33,11,41.5122223,36.12022,64.688,-2.98711729,152.0,-20.0249519,1822.0
14:16:34,11,41.51206,36.12032,64.641,-4.12640667,140.0,-10.4695492,1852.0
14:16:35,11,41.5119362,36.12042,64.601,-4.42670631,134.0,-1.89759171,1780.0
14:16:36,11,41.5117874,36.1205368,64.156,-3.82241368,133.0,11.0738373,1807.0
14:16:37,11,41.5116844,36.12061,63.923,-3.29111362,139.0,13.72122,1744.0
14:16:38,11,41.51153,36.1206932,63.563,-3.3037858,145.0,14.831399,1670.0
14:16:39,11,41.51141,36.12074,63.579,-2.40852976,154.0,13.8804483,1601.0
14:16:40,11,41.5112762,36.12077,63.502,-2.45481753,159.0,12.6171312,1543.0
14:16:41,11,41.5110855,36.12079,63.8,-2.3304882,165.0,9.903864,1573.0
14:16:42,11,41.5109825,36.12079,63.732,-3.0851953,171.0,7.270038,1503.0
14:16:43,11,41.51079,36.12078,63.498,-2.822645,173.0,6.10147,1427.0
14:16:44,11,41.5106239,36.1207581,63.413,-3.190219,176.0,4.24715471,1366.0
14:16:45,11,41.5104523,36.12073,63.3,-2.48801565,178.0,31.54624,1328.0
14:16:46,11,41.5102844,36.12067,62.524,0.575713456,185.0,44.8009644,1229.0
14:16:47,11,41.5101357,36.1205139,61.718,-0.305974662,218.0,44.31037,2207.0
14:16:48,11,41.51007,36.1203423,61.464,0.525704741,249.0,45.12386,2129.0
14:16:49,11,41.5100555,36.1201019,61.029,1.53354979,278.0,44.886673,2059.0
14:16:50,11,41.5100975,36.11994,60.721,0.8466937,300.0,44.29361,1982.0
14:16:51,11,41.5102,36.11978,60.71,0.9445654,327.0,31.1422272,2010.0
14:16:51,11,41.5103035,36.1197052,61.092,0.683714449,341.0,19.583849,1846.0
14:16:52,11,41.5104141,36.11965,61.699,0.2813127,349.0,10.97388,1783.0
14:16:53,11,41.5105629,36.11961,62.421,-1.06054342,355.0,5.66037,1622.0
14:16:54,11,41.510704,36.11958,62.891,-1.84359479,357.0,2.788861,1457.0
14:16:55,11,41.5108032,36.1195641,63.118,-1.6982491,358.0,-1.849418,1405.0
14:16:56,11,41.5109024,36.11954,63.284,-1.94426334,355.0,-7.050681,1343.0
14:16:57,11,41.5110245,36.1194954,63.768,-2.832233,347.0,-10.1437988,1185.0
14:16:58,11,41.511116,36.1194458,64.189,-3.29701567,342.0,-11.2423277,1228.0
14:16:59,11,41.5112076,36.1193848,64.194,-3.63909316,337.0,-9.57774448,1202.0
14:17:0,11,41.51134,36.1192665,64.293,-3.50540185,329.0,-8.536905,2172.0
14:17:1,11,41.5114326,36.1191673,64.553,-4.588895,325.0,-10.1425819,2029.0
14:17:2,11,41.5115433,36.11903,64.841,-4.321491,322.0,-3.479462,1958.0
14:17:3,11,41.5116425,36.1188927,64.878,-4.88026333,320.0,-2.8456378,1979.0
14:17:4,11,41.51172,36.118782,64.516,-2.43531656,319.0,37.9431648,2014.0
14:17:5,11,41.5118179,36.1186943,63.544,-4.278866,338.0,35.4150658,1943.0
14:17:5,11,41.5119743,36.1186562,62.787,-2.17001438,1.0,24.1336136,1862.0
14:17:6,11,41.5122337,36.1187325,62.707,-2.088631,20.0,7.564858,896.0
14:17:7,11,41.51232,36.11878,63.027,-2.545668,25.0,3.823341,830.0
14:17:8,11,41.5124321,36.1188431,63.627,-3.09912944,25.0,0.762567759,761.0
14:17:9,11,41.512516,36.1188965,64.019,-3.6036427,25.0,-1.69990849,792.0
14:17:10,11,41.5125961,36.1189423,64.232,-4.3377347,23.0,-2.72573519,749.0
14:17:11,11,41.5127068,36.1190033,64.883,-4.40974951,20.0,-2.98217916,531.0
14:17:12,11,41.5127945,36.1190453,65.237,-3.08331442,21.0,33.276,1502.0
14:17:13,11,41.5128975,36.1191635,64.579,-4.213851,46.0,35.84746,1525.0
14:17:14,11,41.51294,36.1193123,64.527,-4.79290771,67.0,31.4401741,1554.0
14:17:15,11,41.512928,36.1195259,65.269,-3.88560677,87.0,21.77804,1499.0
14:17:16,11,41.512886,36.11968,65.511,-5.56024265,93.0,10.8615484,1443.0
14:17:17,11,41.5128365,36.1198273,65.767,-5.63451672,96.0,2.86376524,1380.0
14:17:18,11,41.51277,36.1200066,65.545,-5.88593435,98.0,-2.78743219,1309.0
14:17:19,11,41.5127258,36.1201363,66.241,-5.63036728,96.0,-1.76925457,1366.0
14:17:20,11,41.51268,36.1202965,67.107,-6.237281,96.0,-0.725562453,1294.0
14:17:21,11,41.5126381,36.1204567,66.559,-8.334106,92.0,-0.796095669,1316.0
14:17:22,11,41.5125961,36.12063,65.461,-8.017409,92.0,-2.47757173,1243.0
14:17:23,11,41.51258,36.1207123,64.927,-6.53153,88.0,-2.27110529,1181.0
14:17:24,11,41.5125465,36.12088,64.068,-6.51430225,89.0,-2.34486914,1208.0
14:17:25,11,41.51252,36.12105,63.363,-4.956015,88.0,27.51101,1138.0
14:17:26,11,41.5124664,36.12122,61.718,-4.630852,108.0,41.4715652,1011.0
14:17:27,11,41.5123444,36.1213646,60.045,-3.712709,129.0,41.924305,1995.0
14:17:28,11,41.51217,36.12142,60.064,-1.01103973,158.0,39.6723137,1925.0
14:17:28,11,41.511982,36.1213875,60.649,-1.37982249,182.0,25.97953,1848.0
14:17:29,11,41.5118942,36.12135,61.451,-1.40322816,193.0,12.8352118,1875.0
14:17:30,11,41.51173,36.121254,63.002,-3.26323962,197.0,3.35667419,1801.0
14:17:31,11,41.5115738,36.12115,64.108,-4.404287,200.0,0.315916955,1734.0
14:17:32,11,41.5114059,36.12104,64.918,-6.353196,195.0,-3.91416168,1766.0
14:17:33,11,41.51129,36.1209755,65.157,-6.71328354,191.0,-6.402283,1708.0
14:17:34,11,41.5111351,36.1209,64.497,-7.429482,192.0,-6.50948334,1644.0
14:17:36,11,41.5106964,36.12074,62.726,-5.39655972,182.0,-3.358392,805.0
14:17:37,11,41.51054,36.120697,62.489,-4.75497866,181.0,-2.63903451,844.0
14:17:39,11,41.5103378,36.12063,61.021,-2.227892,191.0,44.71211,1004.0
14:17:40,11,41.5102158,36.1205139,59.454,-1.9954195,221.0,44.5249672,1924.0
14:17:40,11,41.5101242,36.120285,58.507,-0.53172785,244.0,44.72699,1890.0
14:17:41,11,41.5101128,36.1201019,58.418,1.14245725,275.0,45.3159065,1749.0
14:17:42,11,41.51015,36.1199341,58.639,1.87880576,298.0,42.6755,1697.0
14:17:43,11,41.5102539,36.1197662,59.249,0.9660444,324.0,33.14005,1754.0
14:17:44,11,41.5103569,36.1196823,59.776,0.08941961,339.0,21.5955563,1644.0
14:17:45,11,41.51047,36.11963,60.561,0.08757114,347.0,12.0889854,1673.0
14:17:46,11,41.5106354,36.11958,61.642,-1.2919215,354.0,5.71770334,1525.0
14:17:47,11,41.5107536,36.1195526,62.192,-2.57471013,357.0,2.35599947,1469.0
14:17:48,11,41.5108566,36.11953,62.671,-2.26767468,359.0,-3.93247151,1396.0
14:17:49,11,41.5109749,36.1194954,63.37,-3.06616783,357.0,-8.61233,1328.0
14:17:50,11,41.5110626,36.1194572,63.696,-3.59398746,351.0,-10.3016615,1259.0
14:17:51,11,41.5111771,36.1193924,63.525,-4.384635,345.0,-8.799045,1182.0
14:17:52,11,41.51126,36.11933,63.109,-4.33241463,342.0,-10.2632818,1146.0
14:17:53,11,41.51138,36.1192169,63.014,-3.70962334,331.0,-8.086703,1056.0
14:17:54,11,41.51147,36.1191177,63.28,-3.83735824,329.0,-7.179732,1972.0
14:17:54,11,41.51159,36.1189651,63.448,-4.052486,325.0,-4.846763,1896.0
14:17:55,11,41.51167,36.11885,64.339,-4.271542,323.0,-3.1095,1831.0
14:17:56,11,41.5117531,36.11874,65.265,-3.55555177,327.0,36.55753,1753.0
14:17:57,11,41.51188,36.1186562,65.259,-3.96712232,351.0,31.8770256,1780.0
14:17:58,11,41.51199,36.1186447,64.473,-4.882981,5.0,24.1582012,1715.0
14:17:59,11,41.5121078,36.11867,63.981,-4.767521,19.0,15.4539642,1597.0
14:18:0,11,41.5122147,36.1187248,64.712,-4.175183,22.0,8.378195,1648.0
14:18:1,11,41.5122681,36.11876,64.815,-5.98928356,28.0,3.16289282,1591.0
14:18:2,11,41.51237,36.118824,64.437,-6.078597,26.0,-1.76604009,1523.0
14:18:3,11,41.51249,36.1189,65.359,-5.585638,25.0,-0.8486426,1455.0
14:18:4,11,41.51257,36.1189423,65.8,-6.319248,24.0,-3.78799558,1400.0
14:18:5,11,41.5126724,36.119,65.044,-7.82388258,24.0,-6.6384635,1323.0
14:18:6,11,41.51276,36.1190376,64.169,-6.02511835,20.0,19.0019474,2149.0
14:18:7,11,41.5128746,36.1191368,61.665,-17.0919323,34.0,42.48334,2076.0
14:18:8,11,41.5129242,36.1193275,60.969,13.1856375,69.0,44.1281967,2011.0
14:18:9,11,41.512886,36.1194725,63.931,0.367341459,95.0,41.6245766,1958.0
14:18:10,11,41.5127831,36.1196251,66.227,20.14648,142.0,38.4513054,1994.0
14:18:10,11,41.51263,36.11967,71.523,22.9037743,154.0,33.594902,1930.0
14:18:11,11,41.5125122,36.11966,74.473,17.6252117,180.0,55.07437,1882.0
14:18:12,11,41.5123863,36.11954,77.192,7.0149827,234.0,48.6997337,1815.0
14:18:13,11,41.5123062,36.1193428,77.285,-5.468169,259.0,-14.5655394,1744.0
14:18:14,11,41.51224,36.1191826,76.949,-7.26661873,236.0,-46.061657,1668.0
14:18:15,11,41.512104,36.1190071,76.646,-1.309512,204.0,-41.98015,1591.0
14:18:16,11,41.5117378,36.1189346,79.783,1.88804722,174.0,7.798729,622.0
14:18:17,11,41.5115967,36.11891,81.384,-0.0382378,174.0,21.1460667,531.0
14:18:19,11,41.51141,36.118866,80.526,-10.5269852,186.0,-0.347057372,2205.0
14:18:20,11,41.51121,36.11882,80.798,-1.55181956,178.0,-7.70237541,2133.0
14:18:21,11,41.5110664,36.1187973,81.257,-8.137913,178.0,-24.640749,2054.0
14:18:22,11,41.51088,36.1187935,81.005,-5.69684458,160.0,-11.9724293,2008.0
14:18:24,11,41.51037,36.11886,77.136,-0.9676028,165.0,-1.33085275,1180.0
14:18:25,11,41.5101852,36.118885,77.589,-3.85900736,169.0,-32.5133171,1112.0
14:18:26,11,41.5100136,36.1189651,76.561,-7.62528038,135.0,-40.5652466,1040.0
14:18:27,11,41.5099258,36.11908,76.802,-1.70881724,113.0,-28.00856,1070.0
14:18:27,11,41.50987,36.1192551,77.895,-3.57146645,98.0,-25.9474659,913.0
14:18:28,11,41.5098419,36.1194344,77.102,0.811584532,78.0,-22.9704723,839.0
14:18:29,11,41.5098648,36.1195831,78.618,-2.584631,65.0,-34.1804123,677.0
14:18:30,11,41.50991,36.11968,77.742,-8.351641,50.0,-28.08643,577.0
14:18:31,11,41.510006,36.11976,78.612,0.161722288,27.0,-27.9043827,1447.0
14:18:32,11,41.5101242,36.1197929,78.546,-7.064487,8.0,13.0035887,1378.0
14:18:33,11,41.5102158,36.1198235,77.275,-9.971084,21.0,10.1937256,1402.0
14:18:34,11,41.5103378,36.11989,74.962,-23.9840317,25.0,-3.34700155,1325.0
14:18:35,11,41.51048,36.119957,71.979,-16.5089474,17.0,9.184693,1247.0
14:18:36,11,41.5105972,36.1200142,68.663,-20.5480461,19.0,6.86600065,1275.0
14:18:37,11,41.5107536,36.1201019,66.24,-16.23879,21.0,5.83067,1196.0
14:18:38,11,41.51091,36.1201935,64.735,-12.3155565,27.0,-0.5071338,1122.0
14:18:39,11,41.5109863,36.1202431,63.895,-9.413008,25.0,-19.5884113,1047.0
14:18:40,11,41.5111465,36.12031,63.53,0.5942739,8.0,-25.0622578,1074.0
14:18:41,11,41.5113,36.1202965,66.48,-11.6775913,3.0,-14.3961811,1013.0
14:18:41,11,41.51145,36.1202621,65.619,-1.98394585,354.0,-10.454895,949.0
14:18:42,11,41.5115929,36.1202,66.725,-3.980799,349.0,-17.9970951,900.0
14:18:43,11,41.51173,36.12011,67.595,-9.736535,338.0,-24.07747,774.0
14:18:44,11,41.5118446,36.1199646,69.849,5.56212425,320.0,-23.3407249,1660.0
14:18:45,11,41.51193,36.1197929,72.557,-4.52214527,313.0,-5.59391737,1583.0
14:18:46,11,41.51197,36.1197,72.645,-7.407514,313.0,5.80898571,1516.0
14:18:47,11,41.5120735,36.1194878,70.92,-1.74277723,318.0,-10.554594,1450.0
14:18:48,11,41.51215,36.1193,72.862,5.99885035,312.0,-23.0218887,1388.0
14:18:49,11,41.5122,36.1191025,74.001,4.38972,286.0,-40.69153,1430.0
14:18:50,11,41.5121574,36.1188965,76.641,9.022559,254.0,-44.953125,1370.0
14:18:51,11,41.512085,36.1187668,77.645,6.887145,224.0,-33.9861145,1430.0
14:18:52,11,41.51196,36.11865,78.854,6.583581,203.0,-44.58191,1373.0
14:18:53,11,41.51182,36.11865,80.494,2.01695776,148.0,-50.4970474,1307.0
14:18:54,11,41.51174,36.11872,80.649,-1.63873863,116.0,-38.7562866,1232.0
14:18:55,11,41.5117149,36.1190033,82.217,-5.72696257,60.0,-30.4948311,978.0
14:18:56,11,41.5117874,36.1191254,81.593,0.57444185,42.0,-13.2048,815.0
14:18:57,11,41.51186,36.1192055,81.933,-3.86476254,37.0,-1.22311,710.0
14:18:58,11,41.51196,36.11932,83.13,-4.767421,37.0,2.132884,1626.0
14:18:59,11,41.5120621,36.1194572,83.453,6.06487226,46.0,33.3712158,1682.0
14:19:0,11,41.5121078,36.11959,85.119,-6.72929525,55.0,62.3067131,1634.0
14:19:1,11,41.5121422,36.1198044,82.07,-9.101664,81.0,48.16909,1603.0
14:19:2,11,41.51207,36.12002,81.495,5.60713625,116.0,42.48722,1533.0
14:19:3,11,41.51196,36.12013,83.212,4.45081949,141.0,34.77895,1573.0
14:19:4,11,41.5117836,36.1201859,84.68,-2.026986,157.0,28.8324833,1394.0
14:19:5,11,41.5115967,36.1201973,83.871,-6.23483658,168.0,6.297538,1543.0
14:19:6,11,41.5114136,36.12019,83.914,7.18914652,171.0,20.9573441,1465.0
14:19:7,11,41.5112839,36.12016,85.368,-5.31853676,184.0,16.9697742,1398.0
14:19:8,11,41.5111122,36.1200943,85.77,4.606375,191.0,15.5125017,1319.0
14:19:9,11,41.51095,36.11999,86.458,-4.443132,196.0,32.5564842,1349.0
14:19:10,11,41.5108032,36.1198425,84.644,2.64176154,213.0,38.5229378,1280.0
14:19:11,11,41.5107346,36.1196823,85.137,-0.357742041,242.0,44.5540543,1144.0
14:19:12,11,41.510685,36.11945,82.642,-6.76618528,265.0,51.7108421,2136.0
14:19:13,11,41.5107346,36.11921,81.532,-0.7335954,303.0,44.6840477,2068.0
14:19:14,11,41.5108261,36.11908,82.299,1.15937054,323.0,42.2585678,1992.0
14:19:15,11,41.5109673,36.1189957,84.483,-3.09726381,348.0,42.86928,1928.0
14:19:16,11,41.5113029,36.1189842,83.939,-11.663023,9.0,26.6104412,1272.0
14:19:17,11,41.51138,36.1190033,81.723,-12.281662,16.0,12.0069962,1215.0
14:19:18,11,41.5115776,36.1190834,76.346,-7.1272316,20.0,3.11139059,1155.0
14:19:19,11,41.5117149,36.1191521,76.765,-7.76095867,20.0,6.485383,1079.0
14:19:20,11,41.5118446,36.11922,76.108,-8.328826,27.0,-6.20809746,1013.0
14:19:20,11,41.5119438,36.1192665,74.992,-7.28083134,19.0,-1.5329088,934.0
14:19:21,11,41.512085,36.1193275,72.864,-15.7506657,15.0,3.17049837,969.0
14:19:22,11,41.5122261,36.1193924,71.487,-17.686861,13.0,7.55437469,899.0
14:19:23,11,41.5123329,36.11945,68.197,-10.3849812,25.0,35.1039429,739.0
14:19:24,11,41.5124321,36.11959,66.936,-2.877796,47.0,24.69734,718.0
14:19:25,11,41.5124664,36.1197128,68.087,-0.5782232,62.0,13.74291,1679.0
14:19:26,11,41.5124931,36.1198578,69.144,-3.80256438,66.0,5.283384,1612.0
14:19:27,11,41.51251,36.1199722,68.661,-7.46183634,72.0,4.54816771,1539.0
14:19:28,11,41.51252,36.1200867,68.257,-6.863272,69.0,4.60845852,1573.0
14:19:29,11,41.5125275,36.1202545,67.629,-7.577864,72.0,2.86360884,1397.0
14:19:30,11,41.51253,36.1204224,67.173,-7.355004,67.0,0.889755845,1328.0
14:19:31,11,41.5125351,36.120533,66.864,-7.79422235,75.0,3.71320152,1358.0
14:19:32,11,41.5125351,36.1206474,67.089,-6.64153957,74.0,2.579727,1289.0
14:19:33,11,41.51253,36.1207581,67.24,-8.536034,73.0,2.66473556,1231.0
14:19:34,11,41.5125275,36.12091,66.458,-9.112358,74.0,5.65775156,1168.0
14:19:35,11,41.51252,36.1210251,65.71,-7.758954,73.0,21.1080875,1203.0
14:19:36,11,41.5124779,36.1211929,64.027,-6.74396658,97.0,37.7419319,1140.0
14:19:37,11,41.5123978,36.1213074,62.519,-4.85390472,116.0,40.2900543,1383.0
14:19:38,11,41.51224,36.1214066,60.752,-3.043191,148.0,39.2101746,1413.0
14:19:39,11,41.5120926,36.1214142,60.188,-2.003235,169.0,32.5896721,1298.0
14:19:40,11,41.51194,36.1213722,60.105,-2.783567,185.0,18.480629,2185.0
14:19:41,11,41.5117531,36.121273,61.12,-2.134551,196.0,6.48935,2111.0
14:19:42,11,41.5116119,36.1211853,61.729,-3.67314243,198.0,1.87338579,2068.0
14:19:43,11,41.5113,36.1209946,62.035,-4.52332258,196.0,-5.05899572,1501.0
14:19:44,11,41.51117,36.1209259,62.133,-4.617966,194.0,-5.44796658,1533.0
14:19:45,11,41.510994,36.12085,61.568,-4.959059,187.0,-4.910698,1458.0
14:19:46,11,41.5108566,36.1208,61.359,-4.56903648,184.0,-4.02651358,1382.0
14:19:47,11,41.5106773,36.1207466,61.397,-4.23301554,182.0,-2.81231165,1419.0
14:19:48,11,41.51041,36.1206741,61.664,-1.70540285,181.0,43.2155876,856.0
14:19:49,11,41.5102348,36.1205635,60.092,-2.95440459,215.0,44.67239,783.0
14:19:50,11,41.5101433,36.12041,59.342,-1.13969278,239.0,44.66112,736.0
14:19:51,11,41.5100975,36.1201553,58.685,0.999278247,264.0,44.7258835,596.0
14:19:52,11,41.5101433,36.1199265,58.304,1.310993,303.0,42.71288,594.0
14:19:53,11,41.51019,36.1198425,58.167,0.2398653,331.0,29.1866035,1551.0
14:19:54,11,41.5103073,36.1197357,58.968,1.91518509,342.0,17.45242,1477.0
14:19:55,11,41.5104332,36.1196823,59.941,-0.389111072,350.0,8.34054852,1396.0
14:19:56,11,41.5105553,36.1196442,60.467,-0.944344759,356.0,5.127947,1332.0
14:19:57,11,41.5106735,36.1196175,61.12,-1.64702928,0.0,3.10008931,1377.0
14:19:58,11,41.51079,36.1196,61.527,-1.97477484,2.0,-2.11948371,1304.0
14:19:59,11,41.5109062,36.11957,62.206,-2.32735634,359.0,-8.596635,1242.0
14:20:0,11,41.5109634,36.1195526,62.551,-3.02381468,352.0,-10.3322325,1193.0
14:20:1,11,41.51108,36.1194954,63.281,-3.20077586,347.0,-9.955207,1142.0
14:20:2,11,41.5111961,36.1194153,63.938,-4.49008846,339.0,-11.00346,1087.0
14:20:3,11,41.5114059,36.1192,64.289,-4.43856239,330.0,-4.31228065,866.0
14:20:4,11,41.51151,36.119072,64.787,-4.95620728,326.0,-3.98996162,734.0
14:20:5,11,41.51158,36.1189728,64.839,-5.83775139,328.0,-4.97356939,814.0
14:20:6,11,41.5116577,36.1188622,65.095,-5.53441525,320.0,-2.61901045,1670.0
14:20:7,11,41.51177,36.11872,65.594,-4.680808,330.0,37.8826523,1500.0
14:20:8,11,41.5118942,36.1186562,65.122,-4.828533,350.0,30.5124588,1434.0
14:20:9,11,41.51206,36.1186562,64.647,-4.71189737,10.0,20.447731,1358.0
14:20:10,11,41.51216,36.11869,65.326,-4.17269135,20.0,12.0281324,1281.0
14:20:11,11,41.5122757,36.1187477,66.32,-6.0975585,23.0,4.9805584,1303.0
14:20:12,11,41.5123558,36.1187935,66.723,-6.127477,24.0,2.83707666,1248.0
14:20:13,11,41.512455,36.1188545,65.951,-7.44473648,24.0,0.904545665,1178.0
14:20:14,11,41.51253,36.1189,65.242,-6.640151,25.0,-1.479674,1101.0
14:20:15,11,41.51261,36.1189461,64.499,-6.20168543,24.0,-1.56843162,1033.0
14:20:16,11,41.5127373,36.1190071,63.254,-5.37170744,20.0,-1.69689918,1067.0
14:20:17,11,41.512825,36.11906,62.282,-5.464376,27.0,31.0365334,990.0
14:20:17,11,41.512886,36.11916,61.706,-3.377519,44.0,33.8669434,916.0
14:20:18,11,41.512928,36.1193161,60.565,-3.51307178,66.0,29.6981411,803.0
14:20:19,11,41.5129242,36.11945,60.083,-2.76476455,80.0,24.1167431,1675.0
14:20:20,11,41.512886,36.11963,60.186,-2.2190423,92.0,11.4311695,1601.0
14:20:21,11,41.51284,36.1197662,60.76,-2.70715976,95.0,5.384754,1540.0
14:20:22,11,41.51277,36.119957,61.783,-3.18882132,98.0,-1.29016113,1567.0
14:20:23,11,41.512722,36.1200943,62.46,-4.36555147,97.0,-2.96971464,1506.0
14:20:24,11,41.5126762,36.1202354,63.441,-3.47149,100.0,-2.68788052,1453.0
14:20:25,11,41.5126228,36.12042,64.438,-6.09308434,92.0,-4.664186,1386.0
14:20:26,11,41.5125923,36.1205444,64.057,-6.364447,89.0,-3.99255347,1336.0
14:20:27,11,41.5125656,36.1206665,63.444,-5.898409,86.0,-2.51515961,1365.0
14:20:28,11,41.51254,36.1208344,63.398,-5.75113,84.0,-0.9895451,1298.0
14:20:29,11,41.51252,36.1209755,63.281,-5.42834568,83.0,-1.117771,1243.0
14:20:30,11,41.5124969,36.1211243,62.768,-3.97698355,91.0,39.0192566,1179.0
14:20:31,11,41.512394,36.1213226,60.646,-2.94487643,116.0,41.3405647,1105.0
14:20:32,11,41.51224,36.12142,59.756,-1.16805136,145.0,41.65355,1062.0
14:20:33,11,41.5120773,36.1214371,59.592,-0.6476237,171.0,33.47498,1063.0
14:20:34,11,41.51194,36.1214,59.772,-0.5415617,186.0,23.9736233,1908.0
14:20:34,11,41.51176,36.1213074,60.535,-0.797008038,196.0,9.945417,1830.0
14:20:35,11,41.5116348,36.1212234,60.985,-1.25465965,200.0,3.37586331,1858.0
14:20:36,11,41.51146,36.1211052,61.385,-2.34213352,201.0,-2.83624125,1787.0
14:20:37,11,41.511322,36.12102,61.872,-2.45493913,199.0,-5.02844334,1815.0
14:20:38,11,41.5111732,36.12094,62.25,-3.23671031,195.0,-5.726636,1747.0
14:20:39,11,41.5109749,36.12085,62.351,-3.752763,191.0,-5.41827869,1675.0
14:20:40,11,41.5108337,36.1207962,62.465,-3.665428,188.0,-4.9528904,1599.0
14:20:41,11,41.5106468,36.12073,62.584,-3.75314021,183.0,-4.116312,1621.0
14:20:42,11,41.5105057,36.1206932,62.92,-4.290082,182.0,-2.28916,1547.0
14:20:43,11,41.51033,36.1206322,63.47,-0.8580354,185.0,44.10395,1464.0
14:20:44,11,41.51021,36.120533,63.329,-2.83009458,217.0,44.1518822,1486.0
14:20:45,11,41.5101166,36.1203728,63.481,-0.07358931,238.0,44.13673,1412.0
14:20:46,11,41.5100632,36.1200943,62.896,-1.76257169,272.0,45.4688568,1277.0
14:20:47,11,41.5101967,36.11971,62.34,-1.04635739,325.0,31.5533524,1376.0
14:20:48,11,41.5102844,36.1196327,62.381,-1.208279,339.0,21.5699348,1306.0
14:20:49,11,41.5104065,36.1195679,62.495,-1.75069892,349.0,12.1107635,1249.0
14:20:50,11,41.510498,36.1195374,62.607,-1.99667108,354.0,7.242279,1287.0
14:20:51,11,41.5106163,36.1195068,62.761,-2.882518,357.0,4.58192158,1214.0
14:20:52,11,41.5107155,36.1194878,63.342,-3.19720316,358.0,2.49086285,1239.0
14:20:53,11,41.5108147,36.1194725,63.667,-4.167829,1.0,1.66185713,1165.0
14:20:54,11,41.510952,36.1194458,64.427,-3.885891,359.0,-6.58661842,1090.0
14:20:55,11,41.5110435,36.1194229,64.864,-4.566883,357.0,-7.27170038,1121.0
14:20:56,11,41.51116,36.11937,65.035,-5.130194,351.0,-9.260621,1359.0
14:20:57,11,41.5112419,36.11932,65.537,-5.58130264,338.0,-11.14931,1389.0
14:20:58,11,41.5113449,36.1192322,65.657,-6.372744,337.0,-5.03423643,1329.0
14:20:59,11,41.511425,36.1191521,65.845,-6.321287,331.0,-4.37326431,1266.0
14:21:0,11,41.51153,36.1190262,66.374,-7.374025,327.0,-6.06184435,1142.0
14:21:1,11,41.51161,36.1189232,66.531,-8.110493,327.0,-4.69740534,2135.0
14:21:2,11,41.51169,36.1188126,66.708,-5.517493,324.0,34.139,2072.0
14:21:3,11,41.5118141,36.1187,65.268,-8.131307,345.0,30.1699982,2007.0
14:21:4,11,41.5119133,36.1186638,64.081,-6.20831776,359.0,25.76312,2037.0
14:21:5,11,41.51201,36.1186676,62.88,-4.58874226,10.0,18.9054089,1959.0
14:21:5,11,41.5121231,36.1187057,62.061,-4.126315,19.0,10.7075787,1880.0
14:21:6,11,41.51221,36.1187553,61.618,-4.01372147,23.0,4.85417366,1807.0
14:21:7,11,41.51233,36.1188278,61.323,-3.9791522,24.0,0.8834307,1733.0
14:21:8,11,41.5123863,36.118866,61.327,-3.83256769,24.0,-1.586492,1662.0
14:21:9,11,41.5125122,36.1189346,61.452,-4.097811,22.0,-2.35822439,1690.0
14:21:10,11,41.51262,36.118988,61.617,-4.133142,21.0,-1.73695564,1628.0
14:21:11,11,41.512722,36.1190338,61.661,-4.161846,19.0,-1.57082617,1553.0
14:21:12,11,41.512825,36.1191063,61.008,-4.28151941,30.0,34.7377625,1481.0
14:21:13,11,41.5128937,36.1192436,60.287,-2.376016,52.0,33.54197,1409.0
14:21:14,11,41.5129128,36.1193275,60.164,-1.64201653,73.0,28.2402668,1298.0
14:21:15,11,41.5128746,36.1196861,61.568,-2.46408,97.0,9.906963,1281.0
14:21:16,11,41.5128136,36.1198578,62.889,-3.50803924,99.0,2.339487,1308.0
14:21:17,11,41.5127449,36.12005,63.039,-4.76014853,100.0,-2.55525184,1233.0
14:21:18,11,41.5127029,36.12017,62.884,-4.521296,98.0,-3.0814023,1157.0
14:21:19,11,41.5126648,36.1203,62.851,-4.36696,97.0,-4.76291037,1190.0
14:21:20,11,41.51262,36.12047,62.802,-4.546306,94.0,-4.247715,1344.0
14:21:21,11,41.5125771,36.120636,62.915,-3.99910831,91.0,-4.24069,1379.0
14:21:22,11,41.5125542,36.1207657,63.208,-4.092775,88.0,-3.72070241,1316.0
14:21:23,11,41.51253,36.120903,63.373,-4.65341568,87.0,-2.66618538,1255.0
14:21:24,11,41.5124969,36.12112,62.688,-1.8804183,84.0,39.9395943,1092.0
14:21:25,11,41.5124245,36.1212845,61.4,-2.5577364,115.0,42.4831352,1115.0
14:21:25,11,41.5123,36.1213951,60.691,-1.05333388,141.0,43.3753777,776.0
14:21:26,11,41.51215,36.1214333,60.42,-0.455838174,163.0,37.7595825,1851.0
14:21:27,11,41.5119934,36.1214142,60.475,-0.412398815,181.0,28.1666489,1721.0
14:21:28,11,41.5118,36.12133,60.76,-0.7193169,196.0,13.9889889,1748.0
14:21:29,11,41.51166,36.1212425,61.143,-1.17457926,201.0,4.26395845,1669.0
14:21:30,11,41.51149,36.1211243,62.048,-1.77247512,202.0,-2.8926518,1608.0
14:21:31,11,41.51136,36.1210365,62.653,-2.62643266,200.0,-5.59490442,1532.0
14:21:32,11,41.5111847,36.1209373,63.117,-3.50669885,197.0,-6.51124144,1459.0
14:21:33,11,41.51105,36.1208725,63.49,-3.5213747,193.0,-5.73551226,1281.0
14:21:34,11,41.5108681,36.1208,63.978,-4.07654047,190.0,-5.144054,1319.0
14:21:35,11,41.5107269,36.1207542,64.463,-4.717031,187.0,-3.765118,1256.0
14:21:36,11,41.51059,36.1207123,64.765,-5.360802,185.0,-2.5720222,1202.0
14:21:37,11,41.5104,36.12066,64.317,-2.493958,182.0,41.516037,1130.0
14:21:38,11,41.51026,36.12058,62.981,-4.344765,206.0,44.5839424,1052.0
14:21:39,11,41.51007,36.1201859,61.226,-0.16401872,262.0,45.12487,724.0
14:21:40,11,41.51008,36.11993,61.244,0.621298552,286.0,44.59693,1640.0
14:21:41,11,41.5101433,36.1197777,61.276,0.19103308,317.0,38.185,1587.0
14:21:42,11,41.5102425,36.1196823,61.247,-0.3404543,334.0,25.4109383,1410.0
14:21:43,11,41.510376,36.11961,62.028,-0.474685967,347.0,13.0110807,1642.0
14:21:44,11,41.51048,36.1195755,62.548,-1.08170176,352.0,8.017478,1575.0
14:21:45,11,41.5106049,36.11955,62.868,-2.13025618,356.0,3.81067562,1507.0
14:21:46,11,41.51067,36.1195374,62.934,-2.80402112,358.0,1.9525727,1337.0
14:21:47,11,41.5108032,36.1195145,63.054,-2.92211652,358.0,-2.72638535,1383.0
14:21:48,11,41.5109367,36.1194878,63.366,-3.04587317,357.0,-7.60759544,1319.0
14:21:49,11,41.51106,36.1194534,63.502,-3.405496,351.0,-10.61722,1355.0
14:21:50,11,41.5111465,36.1194077,63.518,-3.67716122,346.0,-11.0335512,1292.0
14:21:51,11,41.5112343,36.11935,63.527,-3.73677349,341.0,-10.010457,1231.0
14:21:52,11,41.5113449,36.11926,63.568,-3.77603841,334.0,-8.728912,1131.0
14:21:53,11,41.5114326,36.1191635,63.592,-3.8593173,330.0,-6.992053,1119.0
14:21:54,11,41.51155,36.11902,63.651,-3.82799482,325.0,-4.292702,2065.0
14:21:55,11,41.51164,36.1188965,63.626,-4.18029451,322.0,-3.540488,2005.0
14:21:56,11,41.5118446,36.1186829,62.87,-3.486706,347.0,32.42253,1146.0
14:21:57,11,41.51195,36.1186638,62.86,-3.34692216,0.0,24.5698624,1224.0
14:21:58,11,41.5120926,36.11869,63.713,-3.3759954,14.0,15.6874466,1053.0
14:21:59,11,41.5121956,36.1187325,64.336,-3.87253284,22.0,8.746882,1486.0
14:22:1,11,41.5124054,36.11885,65.272,-4.817158,24.0,0.8685987,1258.0
14:22:2,11,41.5125237,36.1189232,64.852,-5.046451,25.0,-2.15032315,1183.0
14:22:3,11,41.51261,36.11897,65.11,-4.618356,20.0,-3.17954874,1218.0
14:22:4,11,41.5127,36.1190147,65.595,-5.8900094,18.0,-2.66769862,1145.0
14:22:5,11,41.5128136,36.119072,64.958,-4.59832,20.0,35.7351379,1172.0
14:22:6,11,41.512886,36.11916,63.522,-4.490856,42.0,35.1703568,972.0
14:22:6,11,41.51293,36.1193352,62.388,-3.35157585,61.0,31.3564281,1634.0
14:22:7,11,41.512928,36.11948,62.269,-2.651482,80.0,23.7161942,1673.0
14:22:8,11,41.5129,36.11963,62.148,-2.55807614,90.0,15.3907795,1604.0
14:22:9,11,41.5128555,36.11978,62.065,-2.6484592,97.0,5.456477,1548.0
14:22:10,11,41.5127869,36.1199722,62.113,-2.58158,100.0,0.3869156,1489.0
14:22:11,11,41.5127373,36.12011,61.961,-11.9028492,100.0,-1.21028256,1420.0
14:22:12,11,41.5126724,36.1202965,60.456,7.24046755,96.0,24.75312,1344.0
14:22:13,11,41.5125656,36.1204643,62.48,15.1714668,128.0,53.945507,1281.0
14:22:14,11,41.512394,36.1204758,65.996,12.4798431,192.0,45.00867,1209.0
14:22:15,11,41.51228,36.120388,69.014,17.7498,207.0,45.9805145,1137.0
14:22:16,11,41.51217,36.12021,70.832,2.230283,241.0,41.0695457,1080.0
14:22:17,11,41.5121155,36.1199951,71.558,-0.3760623,259.0,20.8939381,1104.0
14:22:18,11,41.51209,36.1197777,69.308,-14.6850147,270.0,1.86830091,1263.0
14:22:19,11,41.51207,36.1195946,68.218,-2.52464724,264.0,-6.555356,1249.0
14:22:20,11,41.5120277,36.1193657,68.809,3.18233728,263.0,-17.5469913,2099.0
14:22:21,11,41.5119476,36.11917,73.468,27.6326275,226.0,-41.4104271,2032.0
14:22:22,11,41.51184,36.11908,78.644,6.70148373,203.0,-19.9606686,2063.0
14:22:23,11,41.5117531,36.1190224,78.729,-2.91023231,197.0,-19.3034,1999.0
14:22:24,11,41.5116272,36.1189728,77.557,-0.9077652,180.0,-23.065527,1944.0
14:22:25,11,41.511425,36.119,74.915,-6.531355,136.0,-28.0336,979.0
14:22:26,11,41.51131,36.1190872,73.18,-3.04938221,118.0,-29.3723412,1615.0
14:22:27,11,41.5112343,36.1192169,72.744,-0.812613964,93.0,-31.781744,1437.0
14:22:28,11,41.5112076,36.1193581,72.943,-5.363055,72.0,-34.5322723,1362.0
14:22:29,11,41.5112267,36.1194763,71.877,-4.72509861,50.0,-35.11626,1297.0
14:22:30,11,41.5113,36.1195526,70.395,-9.45745,25.0,-33.6878128,1026.0
14:22:31,11,41.5114059,36.11957,67.784,-18.3697014,1.0,-3.14926624,1060.0
14:22:32,11,41.511467,36.11957,65.5,-13.7228537,11.0,16.979372,1032.0
14:22:33,11,41.5116234,36.1196136,61.839,-12.1095476,19.0,6.951615,1919.0
14:22:34,11,41.5117531,36.1196747,62.249,-9.333372,20.0,7.17871761,1952.0
14:22:34,11,41.5118828,36.1197472,61.174,-7.568075,28.0,-4.020138,1903.0
14:22:35,11,41.511982,36.1198,60.768,-5.703506,24.0,-18.9789715,1838.0
14:22:36,11,41.5121231,36.1198273,61.561,-0.08235127,7.0,-31.3923454,1785.0
14:22:37,11,41.5122643,36.1197853,62.715,-6.10305738,351.0,-29.4967384,1812.0
14:22:38,11,41.5123672,36.1197166,62.278,-8.750624,342.0,-28.08693,1741.0
14:22:39,11,41.51249,36.11957,61.585,2.65303,320.0,-31.2224751,1671.0
14:22:40,11,41.512558,36.11937,63.972,4.21870136,298.0,-31.62572,1598.0
14:22:41,11,41.5125656,36.1191521,66.109,1.5101068,278.0,-30.280302,1533.0
14:22:42,11,41.5125427,36.11899,67.368,0.2217096,262.0,-25.6392746,1489.0
14:22:43,11,41.5124741,36.118782,68.745,-0.9324299,246.0,-31.00942,1418.0
14:22:44,11,41.5123634,36.1186028,70.42,7.38018847,216.0,-43.5225143,1375.0
14:22:45,11,41.5122452,36.11854,72.762,7.34922361,186.0,-46.47672,1271.0
14:22:46,11,41.5121,36.118557,74.62,-0.57539475,147.0,-41.89679,2239.0
14:22:47,11,41.51197,36.11865,74.405,-7.359526,128.0,-23.0244255,2182.0
14:22:48,11,41.51186,36.1187859,74.133,-3.309881,113.0,-3.15993667,2123.0
14:22:49,11,41.5116959,36.11903,74.245,-5.93272257,113.0,4.45448828,1160.0
14:22:50,11,41.5115929,36.11918,73.927,-8.434995,121.0,-3.51790762,1893.0
14:22:51,11,41.51152,36.1193,72.628,-2.33616877,113.0,-3.78519177,1818.0
14:22:52,11,41.5113869,36.1196365,75.765,5.195291,85.0,-36.20359,858.0
14:22:53,11,41.5113869,36.1196365,75.765,5.195291,85.0,-36.20359,1772.0
14:22:54,11,41.5114021,36.1197853,77.873,3.16917181,60.0,-34.8978157,1693.0
14:22:55,11,41.51144,36.119873,78.718,-2.35969257,43.0,-22.3671513,1625.0
14:22:56,11,41.5116158,36.120018,80.393,-2.9707756,18.0,-32.5058022,655.0
14:22:57,11,41.5117264,36.1200142,79.766,-2.62833142,347.0,-38.0128136,492.0
14:22:58,11,41.5118065,36.11995,79.7,-6.989214,332.0,-24.150526,702.0
14:22:59,11,41.5118942,36.11981,80.546,5.39133024,309.0,-30.9080944,1554.0
14:23:0,11,41.51193,36.1196327,82.844,0.9671628,287.0,-28.1471252,1484.0
14:23:1,11,41.51193,36.11944,83.411,4.0022397,274.0,-29.9678612,1411.0
14:23:2,11,41.5119171,36.11939,83.803,7.642264,248.0,-33.0634842,1336.0
14:23:3,11,41.51182,36.1191559,86.541,3.714854,227.0,-37.282,1272.0
14:23:4,11,41.511692,36.1190338,88.029,0.486412078,197.0,-37.96261,1212.0
14:23:5,11,41.5115471,36.1189957,88.766,5.43113327,170.0,-42.3619461,1240.0
14:23:6,11,41.51141,36.1190529,89.047,-4.231489,140.0,-34.7418442,1164.0
14:23:7,11,41.5113,36.1191635,87.554,-7.550244,120.0,-22.6444855,1092.0
14:23:8,11,41.5112152,36.11931,86.106,-8.482092,107.0,-8.66075,1042.0
14:23:9,11,41.5111732,36.1193924,86.163,5.266895,102.0,3.179874,981.0
14:23:9,11,41.5111,36.11954,87.959,9.57738,113.0,24.3923111,908.0
14:23:10,11,41.511,36.1196632,90.875,6.09258938,127.0,21.9372635,843.0
14:23:11,11,41.5108833,36.1197548,91.624,-4.79084158,139.0,-19.0507526,723.0
14:23:12,11,41.510788,36.119873,90.451,-5.62049866,112.0,-40.64617,1726.0
14:23:13,11,41.5107574,36.120018,90.312,-0.907250166,80.0,-34.17654,1656.0
14:23:14,11,41.510788,36.1201477,90.35,-2.56111574,56.0,-23.8808632,1582.0
14:23:15,11,41.51081,36.1202,90.218,-5.052065,44.0,-16.75004,1508.0
14:23:16,11,41.51087,36.12029,89.494,-5.64279175,32.0,-11.1549406,1570.0
14:23:17,11,41.51095,36.12036,88.369,-5.68606663,27.0,-6.838789,1503.0
14:23:18,11,41.5110359,36.1204147,87.053,-5.51899958,21.0,-3.75179768,1433.0
14:23:19,11,41.51113,36.12046,85.783,-5.74825144,19.0,-1.57473612,1455.0
14:23:20,11,41.5112038,36.1204872,85.0,-6.090791,17.0,-0.465094417,1478.0
14:23:21,11,41.5113068,36.12053,84.131,-6.387317,16.0,0.464279026,1604.0
14:23:22,11,41.5113869,36.1205559,83.517,-6.92853975,16.0,0.6401739,1535.0
14:23:23,11,41.5114975,36.120594,82.336,-7.57396936,16.0,1.54038119,1458.0
14:23:24,11,41.5115776,36.1206245,81.336,-7.84942865,16.0,1.12570786,1384.0
14:23:25,11,41.5116653,36.1206551,80.207,-8.262016,15.0,1.23903239,1349.0
14:23:26,11,41.5117874,36.1207047,78.444,-8.580558,18.0,1.43397534,2252.0
14:23:27,11,41.51188,36.1207428,77.004,-8.439502,17.0,0.958940864,2193.0
14:23:28,11,41.51197,36.12078,75.685,-8.7388,17.0,1.29435623,2137.0
14:23:29,11,41.5121765,36.12087,72.824,-9.015372,17.0,2.25696635,1175.0
14:23:30,11,41.5122643,36.1209068,71.735,-9.231666,19.0,2.06598186,1104.0
14:23:31,11,41.5123749,36.12096,69.978,-9.327995,19.0,2.45259452,1027.0
14:23:32,11,41.51254,36.121048,66.944,-8.142007,26.0,33.8367271,868.0
14:23:33,11,41.51264,36.12121,63.545,-5.33490372,47.0,36.9869,900.0
14:23:34,11,41.5126572,36.1213531,62.551,-2.76482677,75.0,41.3338966,831.0
14:23:35,11,41.5126038,36.12155,61.523,-2.099824,99.0,44.8402977,863.0
14:23:36,11,41.51251,36.1216736,61.199,-1.65471327,129.0,44.7173576,788.0
14:23:37,11,41.5123749,36.1217461,60.525,-0.8946817,152.0,45.1044769,863.0
14:23:39,11,41.5121727,36.12174,59.712,-0.5138555,185.0,40.5216675,1951.0
14:23:39,11,41.51203,36.1216545,59.901,-0.01267379,204.0,26.0968781,1882.0
14:23:40,11,41.5118561,36.12147,61.636,-1.0289973,216.0,4.01287556,1824.0
14:23:41,11,41.5117836,36.1213837,62.389,-2.4052012,216.0,-3.76556778,1854.0
14:23:42,11,41.51164,36.12123,63.341,-4.03414,215.0,-8.98954,1774.0
14:23:43,11,41.5115,36.1211052,63.932,-3.431232,210.0,-9.786315,1709.0
14:23:44,11,41.51135,36.12099,64.461,-4.588278,202.0,-9.756416,1654.0
14:23:45,11,41.5111923,36.1209,64.776,-5.218174,200.0,-9.077309,1583.0
14:23:46,11,41.51103,36.1208229,64.732,-5.71335268,193.0,-7.38239956,1621.0
14:23:47,11,41.51086,36.1207581,64.529,-5.620368,189.0,-6.987914,1452.0
14:23:48,11,41.5107231,36.12072,64.306,-5.258228,185.0,-3.80728245,1390.0
14:23:49,11,41.5105972,36.12069,64.137,-5.49266052,183.0,-2.84652948,1432.0
14:23:50,11,41.51043,36.1206551,63.788,-4.12295341,181.0,29.6041775,1377.0
14:23:51,11,41.5103035,36.1206,62.787,-3.53540039,195.0,45.33643,1242.0
14:23:52,11,41.5101547,36.1204262,61.917,-1.61477542,233.0,42.6885376,2171.0
14:23:53,11,41.5101051,36.1202431,61.824,-0.6777337,257.0,45.3032341,2111.0
14:23:54,11,41.5101967,36.11982,60.677,-0.7291068,316.0,36.91697,1365.0
14:23:55,11,41.5102959,36.11972,60.703,-0.438495159,333.0,20.775383,1306.0
14:23:56,11,41.5104332,36.1196442,61.358,-0.6212786,344.0,12.26993,1248.0
14:23:57,11,41.5105324,36.11961,62.002,-2.2575407,350.0,7.269791,1280.0
14:23:58,11,41.51066,36.11958,62.333,-2.519019,353.0,4.271273,1206.0
14:23:59,11,41.5107574,36.11956,62.485,-2.673602,354.0,1.53579962,1135.0
14:24:0,11,41.5108871,36.1195335,63.065,-2.58839869,355.0,-5.18001842,1062.0
14:24:1,11,41.51099,36.1195,63.551,-3.190046,350.0,-8.635272,1107.0
14:24:2,11,41.5111237,36.11943,63.822,-4.04288864,344.0,-9.214053,1130.0
14:24:3,11,41.5112228,36.11936,63.609,-5.08925152,339.0,-9.871022,1056.0
14:24:4,11,41.51131,36.1192856,63.175,-5.008185,334.0,-9.662203,1011.0
14:24:5,11,41.51139,36.1192,62.952,-4.580723,330.0,-7.07804775,1904.0
14:24:5,11,41.5114937,36.1190758,63.242,-4.24661446,324.0,-5.67362356,1842.0
14:24:6,11,41.5115776,36.11897,63.567,-4.614359,322.0,-2.90250516,1779.0
14:24:7,11,41.5116844,36.11881,64.031,-3.922394,320.0,16.1072769,1714.0
14:24:8,11,41.51178,36.1187057,63.475,-5.17149544,331.0,35.40615,1746.0
14:24:9,11,41.5119324,36.1186447,62.652,-3.54574347,351.0,25.5527821,1670.0
14:24:10,11,41.512043,36.1186523,62.56,-3.058964,10.0,19.6041546,1599.0
14:24:11,11,41.5121422,36.1186867,62.693,-2.71272826,16.0,11.102354,1530.0
14:24:12,11,41.51227,36.11875,62.643,-4.08796,23.0,5.494916,1451.0
14:24:13,11,41.5123672,36.11881,62.519,-4.11255,26.0,0.9234909,1480.0
14:24:14,11,41.51248,36.11888,62.941,-3.5056982,23.0,-1.04651785,1319.0
14:24:15,11,41.5125656,36.11893,63.105,-4.19765,22.0,-2.97159719,1358.0
14:24:16,11,41.5126572,36.11898,63.233,-4.00413275,21.0,-3.18455338,1394.0
14:24:17,11,41.5127869,36.11904,63.464,-3.19064975,16.0,28.79537,1348.0
14:24:18,11,41.51296,36.11929,61.856,-2.10672975,54.0,37.9009438,1362.0
14:24:19,11,41.5129623,36.1194839,61.59,-1.05562,78.0,29.3827572,1396.0
14:24:20,11,41.5129242,36.11967,62.043,-2.229548,94.0,17.688282,1423.0
14:24:21,11,41.5128937,36.1197624,62.834,-2.54129767,100.0,5.837871,1356.0
14:24:22,11,41.51283,36.1199379,63.98,-5.035965,97.0,-2.18331766,1379.0
14:24:23,11,41.512764,36.1201057,64.306,-4.48979473,101.0,-3.05422187,1311.0
14:24:24,11,41.5127029,36.1202774,64.766,-4.269993,98.0,-3.31760478,1233.0
14:24:25,11,41.51265,36.1204453,65.049,-5.308625,96.0,-4.088688,1165.0
14:24:26,11,41.5126038,36.1206131,65.185,-5.079872,93.0,-2.45999646,1292.0
14:24:27,11,41.5125656,36.12078,64.968,-6.38654947,91.0,-3.95329952,1226.0
14:24:28,11,41.5125351,36.1209526,64.557,-6.10768938,88.0,-2.61994576,1149.0
14:24:29,11,41.51252,36.1210365,64.016,-4.070028,87.0,38.50476,1197.0
14:24:30,11,41.51247,36.12121,61.956,-4.15612841,115.0,42.2318764,1230.0
14:24:31,11,41.512188,36.1214333,58.834,-1.64211369,159.0,39.7450676,1577.0
14:24:32,11,41.5119972,36.12141,58.48,0.0206540655,188.0,25.9724255,1511.0
14:24:33,11,41.5118637,36.1213531,59.22,0.7502022,197.0,15.3220234,1443.0
14:24:34,11,41.5117455,36.1212845,60.191,0.168660536,204.0,7.613846,1374.0
14:24:35,11,41.5115967,36.1211739,61.67,-0.476739615,206.0,0.295107335,1403.0
14:24:36,11,41.5114746,36.1210823,62.208,-2.80896521,207.0,-5.017506,1242.0
14:24:37,11,41.5113,36.1209641,62.488,-3.02397561,202.0,-6.921895,1275.0
14:24:38,11,41.51116,36.12089,62.731,-3.626658,196.0,-7.62017632,1198.0
14:24:39,11,41.5110168,36.1208267,63.089,-3.43802071,192.0,-6.06369352,1225.0
14:24:40,11,41.5108223,36.1207581,63.7,-4.38933039,186.0,-5.074355,1054.0
14:24:41,11,41.5106964,36.12072,64.706,-4.274969,182.0,-4.62662554,1084.0
14:24:42,11,41.5105247,36.1206779,65.649,-5.591994,181.0,-3.9156816,1007.0
14:24:42,11,41.51039,36.1206474,65.462,-2.32163072,181.0,46.5165863,878.0
14:24:43,11,41.5102539,36.12058,64.079,-5.540956,206.0,44.1441,1767.0
14:24:44,11,41.5101,36.1203651,62.679,-2.21991277,239.0,44.7266846,1712.0
14:24:45,11,41.5100555,36.1201439,62.235,-1.365329,267.0,44.08788,1652.0
14:24:46,11,41.5100861,36.1198845,61.627,-0.532144547,293.0,45.37418,1575.0
14:24:47,11,41.51015,36.1197624,61.464,0.20373638,319.0,34.5779266,1603.0
14:24:48,11,41.5102425,36.11968,61.628,-0.579943359,335.0,20.3644047,1525.0
14:24:49,11,41.5103645,36.1196136,62.221,-0.814069033,345.0,12.3651533,1454.0
14:24:50,11,41.51045,36.1195831,62.661,-1.577033,350.0,7.584271,1379.0
14:24:51,11,41.51058,36.1195526,62.626,-2.29737735,354.0,4.103328,1426.0
14:24:52,11,41.51068,36.1195374,62.467,-2.70530176,355.0,2.51471043,1352.0
14:24:53,11,41.5108261,36.1195221,62.495,-2.46252084,357.0,-1.75772715,1291.0
14:24:54,11,41.51093,36.1195068,62.689,-2.82854319,355.0,-8.403227,1226.0
14:24:55,11,41.511055,36.1194725,62.895,-3.21707988,349.0,-12.1708536,1160.0
14:24:56,11,41.5111465,36.1194267,63.047,-3.498995,342.0,-12.382184,1093.0
14:24:57,11,41.5112724,36.11934,63.279,-3.675965,333.0,-10.7379379,954.0
14:24:57,11,41.51139,36.1192322,63.377,-4.19616747,328.0,-8.162446,1757.0
14:24:58,11,41.5115,36.1191063,63.512,-4.103641,323.0,-6.88106441,1694.0
14:24:59,11,41.5116,36.11896,63.715,-4.298876,321.0,-4.52071476,1635.0
14:25:0,11,41.5117,36.1188164,64.147,-3.304576,315.0,15.8323288,1559.0
14:25:1,11,41.51175,36.1187477,64.137,-2.86001945,325.0,37.8386955,1599.0
14:25:2,11,41.51187,36.1186562,63.113,-3.39074087,347.0,30.453867,1425.0
14:25:3,11,41.51201,36.1186333,62.78,-2.92841387,0.0,23.792902,1356.0
14:25:4,11,41.51214,36.1186676,63.164,-2.49089074,13.0,15.4246368,1286.0
14:25:5,11,41.51223,36.1187134,63.745,-2.53127575,19.0,9.479889,1210.0
14:25:6,11,41.512352,36.1187859,64.309,-3.633909,23.0,1.48894811,1239.0
14:25:7,11,41.512455,36.1188469,65.097,-3.850619,23.0,-0.798727334,1176.0
14:25:8,11,41.5125923,36.11893,65.681,-5.82858372,22.0,-3.179289,1103.0
14:25:9,11,41.5126877,36.1189842,65.85,-6.11375952,22.0,-1.27392316,1026.0
14:25:10,11,41.5127831,36.11903,65.626,-5.44613266,15.0,31.28159,1007.0
14:25:10,11,41.512867,36.1191,64.278,-8.264434,36.0,37.4515,1880.0
14:25:11,11,41.51294,36.1192741,63.612,-6.06977,60.0,34.3936043,1812.0
14:25:12,11,41.51295,36.11943,63.763,-2.656458,77.0,25.96135,1837.0
14:25:13,11,41.51292,36.1196327,64.427,-4.0216403,90.0,16.37627,1910.0
14:25:14,11,41.5128746,36.1197853,64.841,-4.84843969,96.0,7.674276,1835.0
14:25:15,11,41.51281,36.11998,64.937,-5.57194042,99.0,1.72117519,1758.0
14:25:16,11,41.51276,36.1201134,65.027,-5.42527628,98.0,-1.76108158,1806.0
14:25:17,11,41.5126953,36.1203,65.62,-5.988023,97.0,-2.70347214,1730.0
14:25:18,11,41.5126534,36.1204338,65.809,-6.873863,96.0,-3.51343656,1656.0
14:25:19,11,41.51262,36.1205673,65.531,-6.68047762,96.0,-3.18612647,1682.0
14:25:20,11,41.5125771,36.1207542,64.723,-6.9631834,92.0,-3.13772655,1601.0
14:25:21,11,41.51255,36.1208878,64.075,-6.615817,91.0,-1.607384,1528.0
14:25:22,11,41.512516,36.1210747,63.412,-5.087177,89.0,27.5971756,1446.0
14:25:23,11,41.5124741,36.1212158,62.193,-5.318771,104.0,42.142952,1299.0
14:25:24,11,41.512207,36.1214333,59.788,-1.73066258,157.0,39.9445877,1305.0
14:25:25,11,41.51205,36.1214333,59.223,-2.00386167,179.0,33.60122,1235.0
14:25:26,11,41.5118523,36.12136,59.145,-1.60467422,195.0,17.2251,1274.0
14:25:27,11,41.5117149,36.1212769,59.445,-1.927543,201.0,6.716351,1216.0
14:25:28,11,41.5115356,36.1211548,60.604,-1.97701132,200.0,-0.7219552,1136.0
14:25:29,11,41.5114021,36.121067,61.672,-2.38674641,201.0,-4.27720833,1062.0
14:25:30,11,41.5112267,36.12096,62.81,-3.65158486,197.0,-8.232312,1092.0
14:25:31,11,41.511097,36.1208954,63.71,-3.83900523,193.0,-4.28009653,1018.0
14:25:31,11,41.5109177,36.12082,64.148,-5.899681,190.0,-4.48791,958.0
14:25:32,11,41.5107765,36.12077,64.327,-5.36649656,190.0,-5.41064024,882.0
14:25:33,11,41.510643,36.1207275,64.206,-5.490602,190.0,-3.32914352,804.0
14:25:34,11,41.51046,36.1206741,64.138,-5.0150423,188.0,9.744388,744.0
14:25:35,11,41.5102921,36.1206,62.673,-4.661498,202.0,43.98221,612.0
14:25:37,11,41.5101547,36.12045,60.902,-2.25810266,237.0,44.66245,1303.0
14:25:38,11,41.51011,36.1201134,59.721,0.29190135,288.0,44.87788,1259.0
14:25:39,11,41.51017,36.119915,59.474,0.594908,314.0,34.97515,1606.0
14:25:40,11,41.5102844,36.11979,60.465,0.368448347,332.0,21.722599,1446.0
14:25:41,11,41.51041,36.1197128,61.332,-0.8444041,343.0,14.1972866,1378.0
14:25:42,11,41.51053,36.1196632,61.749,-1.42894852,350.0,8.387716,1539.0
14:25:43,11,41.510643,36.1196251,61.973,-1.66265011,356.0,5.82655144,1480.0
14:25:44,11,41.5107,36.11961,62.268,-2.71905375,356.0,0.163159,1433.0
14:25:45,11,41.51082,36.1195831,62.643,-3.01430774,356.0,-3.770848,1363.0
14:25:46,11,41.51094,36.1195526,63.257,-2.721161,352.0,-8.486345,1509.0
14:25:47,11,41.51118,36.11944,63.195,-3.78199434,343.0,-11.007843,668.0
14:25:49,11,41.51138,36.1192665,62.561,-4.32860327,332.0,-10.0781317,1635.0
14:25:50,11,41.5114861,36.11914,63.045,-3.16408014,327.0,-5.579578,1669.0
14:25:51,11,41.51157,36.11903,63.847,-3.19440413,324.0,-4.233847,1599.0
14:25:52,11,41.5116768,36.1188622,64.6,-4.3439064,321.0,-1.528692,1519.0
14:25:53,11,41.5117569,36.1187439,64.68,-2.40801144,323.0,38.37144,1442.0
14:25:54,11,41.51186,36.11867,64.366,-4.67208672,345.0,32.1342659,1475.0
14:25:55,11,41.5119934,36.11865,64.666,-4.351284,358.0,23.839283,1407.0
14:25:56,11,41.51209,36.11866,64.501,-4.151506,10.0,20.1813431,1342.0
14:25:57,11,41.51221,36.11871,64.253,-4.905595,14.0,10.3220615,1265.0
14:25:58,11,41.5123,36.11876,64.303,-5.24504232,21.0,3.793899,1191.0
14:25:59,11,41.512394,36.1188164,64.664,-5.63353157,23.0,1.13193285,1115.0
14:26:0,11,41.51253,36.1189,65.446,-5.76077461,23.0,-1.6516732,1140.0
14:26:1,11,41.5126343,36.1189575,66.135,-6.00320339,19.0,-2.226883,1067.0
14:26:1,11,41.51276,36.11902,67.034,-7.51042032,20.0,10.4049683,940.0
14:26:2,11,41.5128479,36.11908,66.712,-7.95699549,28.0,37.4804878,1818.0
14:26:3,11,41.5129166,36.119175,65.754,-6.019047,46.0,35.04706,1757.0
14:26:4,11,41.51296,36.1193581,65.425,-6.98503,69.0,32.2453461,1710.0
14:26:5,11,41.5129547,36.1195145,65.544,-4.846039,82.0,23.3233433,1640.0
14:26:6,11,41.51292,36.1196671,66.01,-6.42001057,91.0,13.7124109,1593.0
14:26:7,11,41.51286,36.11986,66.058,-7.10757,98.0,7.00620031,1626.0
14:26:8,11,41.5128021,36.1200066,65.51,-7.214693,100.0,-0.182675228,1574.0
14:26:9,11,41.5127335,36.12019,64.304,-7.4575367,99.0,-3.84608388,1510.0
14:26:10,11,41.5126839,36.12033,63.289,-6.4882493,98.0,-3.65475559,1458.0
14:26:11,11,41.51264,36.120472,62.476,-5.97089672,95.0,-4.46776,1397.0
14:26:12,11,41.5125923,36.12066,61.637,-5.5871563,92.0,-5.3163085,1321.0
14:26:13,11,41.51256,36.12082,60.987,-4.822825,88.0,-1.40101123,1246.0
14:26:14,11,41.51253,36.1209946,60.597,-4.30874729,87.0,-1.21289647,1338.0
14:26:15,11,41.512394,36.12134,58.692,-1.66112912,122.0,44.17882,1329.0
14:26:16,11,41.5122337,36.1214447,57.963,-0.4843479,152.0,42.4363937,1264.0
14:26:17,11,41.5122337,36.1214447,57.963,-0.4843479,152.0,42.4363937,2184.0
14:26:18,11,41.5119133,36.1214027,58.206,0.327099532,191.0,21.9643745,1117.0
14:26:19,11,41.5117836,36.12133,58.813,0.06039579,200.0,11.3830442,1142.0
14:26:20,11,41.5116539,36.1212425,59.541,-0.168323189,203.0,3.502121,1172.0
14:26:21,11,41.51149,36.12112,60.666,-1.31066358,204.0,-3.21922231,1103.0
14:26:22,11,41.5113068,36.1210022,61.576,-2.32059479,202.0,-6.018562,1044.0
14:26:23,11,41.51117,36.1209259,62.127,-2.80126023,197.0,-6.24144,968.0
14:26:23,11,41.51098,36.1208344,62.543,-3.56679034,194.0,-5.173981,897.0
14:26:24,11,41.5108452,36.1207848,62.653,-3.69120073,189.0,-4.38418055,817.0
14:26:26,11,41.51054,36.1206932,62.732,-3.67318535,184.0,-2.5209775,474.0
14:26:27,11,41.5104,36.12065,62.36,-0.9692577,184.0,43.9452934,468.0
14:26:28,11,41.5104,36.12065,62.36,-0.9692577,184.0,43.9452934,1310.0
14:26:29,11,41.5101166,36.1203537,60.072,-0.0679377541,245.0,45.0638847,1281.0
14:26:30,11,41.5101166,36.1203537,60.072,-0.0679377541,245.0,45.0638847,2207.0
14:26:31,11,41.5101357,36.1199265,60.329,2.00222945,304.0,41.9975166,1150.0
14:26:32,11,41.5102119,36.1198158,60.607,1.01425087,322.0,32.03046,1097.0
14:26:32,11,41.5102119,36.1198158,60.607,1.01425087,322.0,32.03046,1930.0
14:26:33,11,41.51034,36.1197166,61.707,-0.0553165823,336.0,20.6472435,1877.0
14:26:34,11,41.5104523,36.1196632,62.6,-2.0635407,346.0,12.5142126,1831.0
14:26:36,11,41.5107079,36.1195869,64.716,-2.85514617,356.0,5.3117013,1577.0
14:26:37,11,41.51081,36.1195679,65.313,-4.104785,357.0,-2.8601892,1607.0
14:26:38,11,41.51094,36.1195335,65.177,-4.2735424,354.0,-8.081301,1534.0
14:26:39,11,41.5110626,36.11948,65.298,-4.48118639,349.0,-9.39366,1460.0
14:26:40,11,41.5111465,36.1194267,65.613,-4.291984,342.0,-8.639078,1387.0
14:26:41,11,41.51123,36.11937,65.771,-4.98631144,340.0,-7.67367,1285.0
14:26:42,11,41.5113373,36.11927,65.194,-5.748607,334.0,-7.71014643,2143.0
14:26:43,11,41.5114174,36.1191826,64.741,-5.40146875,331.0,-6.80103,2064.0
14:26:44,11,41.51153,36.11904,64.299,-4.59580469,328.0,-3.82348442,1993.0
14:26:45,11,41.5116119,36.118927,64.313,-4.58024025,324.0,-2.492523,2017.0
14:26:46,11,41.511692,36.1188126,64.334,-4.553674,322.0,23.6819553,1949.0
14:26:46,11,41.5118179,36.1186943,63.826,-4.60636,345.0,32.13831,1902.0
14:26:47,11,41.5119247,36.1186676,64.099,-3.88677979,358.0,25.6132641,1830.0
14:26:48,11,41.51205,36.1186867,64.92,-3.5718267,9.0,14.63902,1851.0
14:26:49,11,41.51214,36.11872,65.224,-4.408364,17.0,10.4269295,1577.0
14:26:50,11,41.5122223,36.1187668,65.394,-4.94563675,20.0,5.989856,1604.0
14:26:51,11,41.5123177,36.11882,65.156,-6.123127,22.0,0.772426,1531.0
14:26:52,11,41.5124168,36.11888,64.708,-6.323579,21.0,-0.3435048,1565.0
14:26:53,11,41.5125237,36.1189346,64.502,-6.677426,20.0,-1.89219677,1513.0
14:26:54,11,41.51274,36.1190376,63.728,-6.11030436,18.0,7.372099,526.0
14:26:55,11,41.5128441,36.11912,63.32,-6.25205135,33.0,35.3075066,1395.0
14:26:56,11,41.51291,36.1192741,63.286,-4.091885,55.0,34.74023,1329.0
14:26:57,11,41.5129242,36.11936,63.439,-3.91790485,73.0,29.6420059,1314.0
14:26:58,11,41.5129166,36.1195526,64.166,-4.92896652,85.0,20.3271046,1237.0
14:26:59,11,41.5128746,36.1197433,64.747,-6.23840046,96.0,10.1506329,1263.0
14:27:0,11,41.5128174,36.1199341,64.572,-6.507258,98.0,4.692253,1193.0
14:27:1,11,41.5127525,36.12012,63.863,-5.98972,100.0,-0.112304717,1330.0
14:27:2,11,41.51269,36.1202965,63.53,-5.562122,100.0,-2.95877957,1274.0
14:27:3,11,41.51264,36.12046,63.296,-6.298476,96.0,-4.120978,1206.0
14:27:4,11,41.5126038,36.1205978,63.155,-6.22753239,93.0,-5.07927227,1132.0
14:27:5,11,41.5125732,36.1207352,63.321,-5.882578,91.0,-2.99244547,1052.0
14:27:6,11,41.51254,36.12093,62.897,-5.72110367,89.0,-2.52851677,1096.0
14:27:7,11,41.51251,36.1211,62.187,-3.35306525,87.0,38.108036,1004.0
14:27:7,11,41.5124435,36.12128,60.632,-3.700546,113.0,44.1901932,1873.0
14:27:8,11,41.5122681,36.1214333,59.444,-1.21759653,139.0,43.0790367,1797.0
14:27:9,11,41.5121155,36.12146,59.214,-0.439817965,171.0,37.4318542,1735.0
14:27:10,11,41.5119743,36.1214333,59.291,-0.5118817,187.0,28.0409088,1552.0
14:27:11,11,41.5118,36.12134,59.878,-0.8504193,201.0,13.3669147,1582.0
14:27:13,11,41.5115051,36.12113,61.503,-2.35733461,206.0,-2.85309672,1336.0
14:27:14,11,41.5113754,36.12104,62.085,-3.12594724,204.0,-5.58030653,1463.0
14:27:15,11,41.5112343,36.1209526,62.588,-3.96669984,200.0,-6.66610861,1390.0
14:27:16,11,41.5110435,36.1208572,62.921,-4.233809,195.0,-6.19417334,1322.0
14:27:17,11,41.5109,36.1207962,62.969,-4.59586334,191.0,-5.627646,1263.0
14:27:18,11,41.5107155,36.1207352,62.916,-4.36541557,187.0,-3.90418744,1186.0
14:27:19,11,41.5105858,36.120697,62.843,-4.503281,184.0,-2.94128513,1113.0
14:27:20,11,41.5102768,36.120594,61.647,-3.12224221,201.0,45.1643,1755.0
14:27:21,11,41.51015,36.1204567,60.66,-1.10036755,227.0,45.09917,1679.0
14:27:22,11,41.510067,36.12018,60.086,0.387474775,264.0,44.4686127,1530.0
14:27:23,11,41.5100822,36.119976,60.235,0.9560027,291.0,45.21162,1466.0
14:27:24,11,41.5101357,36.11983,60.761,0.636147738,314.0,35.1743546,1394.0
14:27:25,11,41.51025,36.1197128,61.304,0.1907951,334.0,23.9108543,1426.0
14:27:26,11,41.51034,36.11966,61.697,-0.5641434,343.0,15.0521965,1351.0
14:27:27,11,41.5104752,36.119606,62.243,-1.293025,351.0,8.003898,1381.0
14:27:28,11,41.510582,36.11958,62.572,-1.92679381,354.0,4.679607,1308.0
14:27:29,11,41.51068,36.1195564,62.707,-2.55167532,356.0,2.59425187,1231.0
14:27:30,11,41.510807,36.1195335,62.909,-2.637652,357.0,-0.4431404,1170.0
14:27:31,11,41.5109177,36.1195145,63.216,-2.88336587,355.0,-7.238221,1196.0
14:27:32,11,41.5110359,36.1194763,63.436,-2.99913335,351.0,-9.227424,1049.0
14:27:33,11,41.51114,36.1194267,63.507,-3.50698519,345.0,-10.1381531,1024.0
14:27:33,11,41.51125,36.1193542,63.472,-3.60918212,338.0,-9.477455,1875.0
14:27:34,11,41.51133,36.1192856,63.331,-3.74052835,333.0,-8.56292,1806.0
14:27:35,11,41.5114326,36.119175,63.131,-3.47296476,329.0,-6.578738,1768.0
14:27:36,11,41.5115166,36.1190758,63.119,-3.50889635,325.0,-4.5070467,1705.0
14:27:37,11,41.5115967,36.11896,63.523,-3.86367917,322.0,-3.61328149,1629.0
14:27:38,11,41.5116844,36.1188354,63.811,-2.5205617,318.0,33.8604546,1865.0
14:27:40,11,41.51191,36.1186676,63.522,-2.772848,354.0,24.89874,1005.0
14:27:40,11,41.51205,36.1186752,63.729,-2.40294838,8.0,17.999197,829.0
14:27:41,11,41.51215,36.11871,63.673,-2.80736732,16.0,11.9303589,860.0
14:27:42,11,41.51226,36.1187668,64.092,-3.180452,21.0,5.06156969,902.0
14:27:43,11,41.51234,36.1188164,64.261,-3.92601585,22.0,1.66833222,939.0
14:27:44,11,41.5124245,36.11887,64.281,-4.611919,22.0,-0.3253137,817.0
14:27:45,11,41.5125465,36.11894,64.254,-4.646412,21.0,-1.89742661,698.0
14:27:46,11,41.51265,36.1189957,63.957,-4.68121433,19.0,-2.85616922,1644.0
14:27:47,11,41.51279,36.11907,63.45,-1.40881014,18.0,36.81555,1591.0
14:27:48,11,41.512867,36.1191444,62.483,-3.81637335,36.0,37.42935,1520.0
14:27:49,11,41.51293,36.1193047,61.569,-2.19083643,54.0,34.91515,1657.0
14:27:50,11,41.5129433,36.1194458,61.328,-1.31286311,76.0,30.2673588,1592.0
14:27:51,11,41.5129242,36.1196022,61.433,-1.40151572,90.0,21.3242664,1643.0
14:27:52,11,41.51287,36.1198158,61.877,-1.69099522,102.0,9.391063,1584.0
14:27:53,11,41.5128174,36.11997,62.572,-1.924398,105.0,2.53077245,1525.0
14:27:55,11,41.5126839,36.12032,63.608,-4.5196557,103.0,-5.67539024,1286.0
14:27:56,11,41.5126381,36.1204643,63.897,-4.494377,100.0,-4.453836,1214.0
14:27:57,11,41.5125847,36.1206627,63.515,-4.385602,96.0,-4.502223,1142.0
14:27:58,11,41.5125122,36.121006,63.452,-3.96213651,89.0,-2.69991732,577.0
14:27:59,11,41.51248,36.1211548,63.186,-0.5971672,92.0,41.73917,501.0
14:28:0,11,41.5124168,36.1213036,62.072,-1.9485172,117.0,44.3286324,1411.0
14:28:2,11,41.51226,36.1214333,61.01,-0.667164743,149.0,43.5249329,2151.0
14:28:3,11,41.5119133,36.1214027,60.741,0.0162751675,193.0,22.2858429,1131.0
14:28:4,11,41.51178,36.1213226,61.159,-0.4438942,203.0,10.6844044,1082.0
14:28:5,11,41.5116043,36.1211967,62.085,-1.17919207,207.0,0.731466532,1029.0
14:28:6,11,41.5114822,36.12111,62.558,-2.106267,207.0,-3.35148835,1068.0
14:28:7,11,41.5113068,36.12099,62.74,-2.968529,202.0,-6.34586573,998.0
14:28:8,11,41.5112267,36.120945,62.77,-2.97210145,198.0,-6.53860235,1024.0
14:28:8,11,41.5110626,36.12086,62.807,-3.25164413,195.0,-5.9104805,950.0
14:28:9,11,41.5108948,36.12079,62.893,-3.11647129,191.0,-5.37782669,880.0
14:28:10,11,41.5107269,36.1207275,63.212,-3.22086215,187.0,-3.715012,808.0
14:28:11,11,41.51055,36.1206779,63.565,-3.66068172,185.0,-2.65339136,840.0
14:28:12,11,41.51038,36.12063,63.483,-0.171158239,186.0,44.9137039,698.0
14:28:13,11,41.5102158,36.12051,62.433,-2.34926128,217.0,44.7844276,1605.0
14:28:14,11,41.5101166,36.1203079,61.923,-0.07129207,247.0,44.8752632,1557.0
14:28:15,11,41.5100975,36.12019,61.751,0.7145798,277.0,44.72258,1482.0
14:28:16,11,41.5101166,36.1199722,61.793,0.265313268,300.0,43.0138931,1405.0
14:28:17,11,41.5102043,36.119812,61.891,0.06116077,324.0,30.5000286,1330.0
14:28:18,11,41.5103149,36.11972,62.256,-0.3250075,336.0,17.53466,1462.0
14:28:19,11,41.51044,36.1196556,62.635,-0.511315763,346.0,11.77378,1384.0
14:28:20,11,41.5105362,36.11962,62.896,-1.02224267,350.0,8.348232,1811.0
14:28:21,11,41.5106659,36.11959,63.444,-2.23911715,353.0,3.572894,1733.0
14:28:22,11,41.5107765,36.11957,63.686,-2.809377,355.0,-0.967921555,1710.0
14:28:23,11,41.51093,36.1195374,63.764,-2.71316838,352.0,-7.856899,1654.0
14:28:24,11,41.51103,36.1195,63.881,-3.01219821,347.0,-9.393741,1588.0
14:28:25,11,41.5112457,36.1193657,63.968,-3.85425019,334.0,-8.703942,563.0
14:28:26,11,41.5113373,36.11928,64.091,-4.0815587,330.0,-7.44821358,582.0
14:28:27,11,41.5114174,36.119194,64.332,-4.14491463,325.0,-5.886993,1532.0
14:28:28,11,41.5115242,36.1190643,65.014,-4.529738,320.0,-5.22673,1473.0
14:28:29,11,41.5116043,36.1189575,65.897,-4.82998037,318.0,-1.34783649,1421.0
14:28:30,11,41.5117,36.1188126,66.721,-5.56871033,317.0,18.2284088,1358.0
14:28:31,11,41.51178,36.1187134,65.55,-7.162904,326.0,36.1597748,1282.0
14:28:32,11,41.5119133,36.1186447,63.595,-4.53403568,352.0,29.3028564,1224.0
14:28:33,11,41.5120239,36.11865,62.905,-3.307518,5.0,21.7993317,1252.0
14:28:34,11,41.5121651,36.1187057,62.802,-2.58088088,16.0,10.5456991,1179.0
14:28:35,11,41.5122566,36.11876,63.087,-2.462581,19.0,4.72060871,1127.0
14:28:36,11,41.51238,36.11884,63.386,-3.63372469,22.0,0.0308946259,1048.0
14:28:36,11,41.51247,36.1188965,63.486,-4.06955147,21.0,-1.6578027,971.0
14:28:37,11,41.5125847,36.1189575,63.557,-4.24708748,20.0,-3.13815355,893.0
14:28:39,11,41.512764,36.11904,63.779,-4.12594128,17.0,23.723011,485.0
14:28:40,11,41.512886,36.11915,62.71,-3.98930335,30.0,38.1422234,1365.0
14:28:42,11,41.51295,36.11947,61.911,-1.57886636,81.0,25.15945,1227.0
14:28:43,11,41.5129166,36.1196747,62.287,-2.626101,96.0,16.9959965,1162.0
14:28:44,11,41.5129166,36.1196747,62.287,-2.626101,96.0,16.9959965,2081.0
14:28:45,11,41.5128,36.1200066,64.122,-3.3165493,107.0,-0.3954322,1120.0
14:28:46,11,41.5127335,36.12018,64.937,-5.22176838,106.0,-2.38033342,1064.0
14:28:47,11,41.5126724,36.1203537,65.261,-6.082072,104.0,-6.04262,1088.0
14:28:48,11,41.5126228,36.1205139,65.13,-6.709891,101.0,-4.857326,1029.0
14:28:48,11,41.51259,36.1206551,64.887,-6.21003866,97.0,-4.82611275,956.0
14:28:49,11,41.512558,36.1207924,64.722,-6.17371225,94.0,-3.407282,883.0
14:28:50,11,41.51252,36.1209831,64.645,-5.706971,90.0,-3.05551839,917.0
14:28:51,11,41.5124855,36.1211472,64.336,-1.79232,95.0,42.3738327,847.0
14:28:52,11,41.51239,36.1213264,62.699,-2.43802834,123.0,43.7745934,699.0
14:28:53,11,41.51225,36.1214333,61.249,-1.36757076,153.0,41.50661,635.0
14:28:54,11,41.5120468,36.12144,60.663,-0.5070856,180.0,31.1980057,1643.0
14:28:55,11,41.5119133,36.1213875,60.755,-1.03438437,195.0,21.0000362,1576.0
14:28:56,11,41.51179,36.121315,61.122,-1.22823453,202.0,8.255692,1509.0
14:28:57,11,41.5116272,36.1211967,61.72,-1.84024274,206.0,1.25395334,1435.0
14:28:58,11,41.5115,36.1211,61.957,-2.816824,206.0,-3.3112092,1387.0
14:28:59,11,41.5113258,36.1209831,62.126,-3.5417273,202.0,-5.88917637,1226.0
14:29:0,11,41.5111961,36.12091,62.394,-3.63892841,197.0,-5.893265,1181.0
14:29:1,11,41.5110664,36.12085,62.587,-3.99134922,196.0,-5.66483927,1118.0
14:29:2,11,41.5109062,36.1207848,62.714,-4.157538,191.0,-4.848391,1060.0
14:29:3,11,41.5107765,36.1207428,62.788,-3.80389452,188.0,-3.76401782,1099.0
14:29:4,11,41.5106,36.12069,62.733,-3.632217,185.0,-3.37393975,1042.0
14:29:4,11,41.5104637,36.1206551,62.682,-3.73750162,183.0,10.6755857,984.0
14:29:5,11,41.51031,36.12059,61.79,-3.12223029,198.0,44.06054,849.0
14:29:6,11,41.5101357,36.1203728,60.8,-0.7296664,241.0,44.918457,923.0
14:29:7,11,41.5100975,36.12019,60.566,0.180819064,265.0,44.6973953,1776.0
14:29:8,11,41.5101166,36.11996,60.43,0.7872358,295.0,44.89663,1701.0
14:29:10,11,41.5103035,36.1197243,61.627,0.36782515,331.0,22.25231,1446.0
14:29:11,11,41.5104065,36.1196747,62.617,-0.4197798,345.0,13.60694,1379.0
14:29:12,11,41.51056,36.1196251,63.246,-2.307048,349.0,6.388342,1310.0
14:29:13,11,41.5106773,36.1196022,63.368,-2.63609743,354.0,4.28815174,1238.0
14:29:14,11,41.5107727,36.1195869,63.327,-3.023287,356.0,-3.7208817,1268.0
14:29:15,11,41.5108948,36.1195679,63.485,-3.04701257,353.0,-7.964133,1196.0
14:29:16,11,41.5109863,36.1195374,63.956,-3.36166215,347.0,-10.0409031,1231.0
14:29:17,11,41.5111046,36.11948,64.071,-4.22133541,341.0,-10.5208635,1156.0
14:29:18,11,41.5111961,36.11942,63.811,-4.64939165,336.0,-10.475831,1187.0
14:29:19,11,41.51129,36.11934,63.65,-4.4026556,330.0,-8.119999,1139.0
14:29:20,11,41.511425,36.119194,64.475,-4.51599026,322.0,-5.955618,1012.0
14:29:21,11,41.5115166,36.11908,65.138,-4.76323,320.0,-3.55764627,2026.0
14:29:21,11,41.51163,36.1189232,64.816,-5.316356,318.0,-2.04374361,1895.0
14:29:22,11,41.51168,36.11885,64.591,-4.542379,315.0,21.3672047,1841.0
14:29:23,11,41.51179,36.11871,63.667,-4.909844,333.0,36.67261,1870.0
14:29:24,11,41.5119171,36.11864,62.698,-2.47545958,354.0,29.7430553,1815.0
14:29:25,11,41.51206,36.11865,62.26,-2.19862247,6.0,21.5610485,1759.0
14:29:26,11,41.512188,36.1187019,62.313,-1.61023951,17.0,12.0104465,1690.0
14:29:27,11,41.5123062,36.1187744,62.78,-2.26857972,22.0,3.802052,1614.0
14:29:28,11,41.51236,36.11881,62.958,-2.61280751,23.0,0.3211718,1639.0
14:29:29,11,41.5124741,36.11888,63.164,-4.21551657,23.0,-1.94052851,1572.0
14:29:30,11,41.51259,36.11895,63.41,-4.275034,21.0,-2.652585,1536.0
14:29:31,11,41.5127029,36.1190147,63.436,-4.318521,19.0,-3.228384,1578.0
14:29:32,11,41.51282,36.1190834,63.011,-2.22179055,21.0,38.6397247,1446.0
14:29:33,11,41.51291,36.1192,61.841,-2.00029349,45.0,37.592598,1473.0
14:29:34,11,41.51295,36.11939,61.413,-1.4921869,70.0,33.2254562,1349.0
14:29:35,11,41.5129433,36.11954,61.815,-0.214750856,85.0,26.5134811,2231.0
14:29:36,11,41.5128975,36.11973,62.827,-1.82997561,99.0,13.1646242,2178.0
14:29:37,11,41.51285,36.1198654,63.282,-2.700437,104.0,5.1985,2127.0
14:29:38,11,41.51278,36.1200562,63.712,-3.04802966,106.0,0.305863082,2046.0
14:29:39,11,41.5126648,36.12037,63.828,-4.03232956,103.0,-4.11035776,1829.0
14:29:40,11,41.5126152,36.120533,63.707,-4.31672144,100.0,-4.23273,1574.0
14:29:43,11,41.512516,36.12101,63.885,-4.4776926,92.0,-0.882597148,1170.0
14:29:44,11,41.5124626,36.1212044,63.401,-5.55268526,108.0,41.98602,1143.0
14:29:45,11,41.5123749,36.1213264,62.848,-1.768091,128.0,43.66431,1108.0
14:29:46,11,41.51225,36.1214066,62.406,-1.39699948,154.0,39.4827957,1052.0
14:29:47,11,41.5120544,36.12141,62.431,-1.80458438,178.0,30.35623,1096.0
14:29:48,11,41.5119057,36.121357,62.788,-1.05963969,194.0,19.0744419,1329.0
14:29:49,11,41.51172,36.1212425,63.808,-2.66893435,204.0,5.58234549,2213.0
14:29:50,11,41.5115852,36.1211472,64.73,-3.85042,207.0,0.26017198,2177.0
14:29:51,11,41.51131,36.1209564,64.592,-5.91516733,203.0,-6.945928,1149.0
14:29:52,11,41.51131,36.1209564,64.592,-5.91516733,203.0,-6.945928,2086.0
14:29:53,11,41.5112,36.12089,64.175,-5.253467,199.0,-6.9084363,2032.0
14:29:54,11,41.5109138,36.1207657,63.848,-5.015392,191.0,-5.233583,1072.0
14:29:55,11,41.51074,36.1207123,63.439,-4.979395,188.0,-3.199384,1103.0
14:29:56,11,41.5106049,36.1206779,63.245,-4.81210136,186.0,-2.35856462,1042.0
14:29:57,11,41.5104141,36.1206322,62.761,-1.75191474,183.0,42.83245,964.0
14:29:57,11,41.5102768,36.1205559,61.444,-3.73402953,207.0,44.84999,891.0
14:29:58,11,41.51016,36.12041,60.521,-0.932881236,233.0,44.887764,813.0
14:29:59,11,41.5100937,36.120163,59.784,0.0944020748,267.0,45.0971832,870.0
14:30:0,11,41.5101242,36.1199532,59.314,0.9302457,290.0,44.7658119,810.0
14:30:1,11,41.5102234,36.11979,59.384,1.68191969,319.0,35.1163864,677.0
14:30:2,11,41.510334,36.1197,59.924,1.22566235,337.0,21.005825,1600.0
14:30:3,11,41.510437,36.1196556,60.492,0.412077785,345.0,12.6678247,1450.0
14:30:4,11,41.5105362,36.11963,60.976,0.0521388352,350.0,6.747087,1484.0
14:30:5,11,41.5106735,36.11958,61.538,-3.91971827,343.0,-14.1896772,1432.0
14:30:6,11,41.51081,36.11949,61.377,-6.12541342,336.0,-7.32626772,1386.0
14:30:7,11,41.5109138,36.1194153,60.906,-6.913566,330.0,-4.850949,1231.0
14:30:8,11,41.51101,36.1193275,60.551,-8.071189,327.0,-2.298056,1191.0
14:30:9,11,41.5111237,36.1192131,59.444,-8.210948,325.0,-0.332882345,1251.0
14:30:10,11,41.5112038,36.119133,58.69,-8.859435,326.0,0.4856815,1278.0
14:30:11,11,41.51131,36.1190224,57.952,-8.948512,323.0,-0.4776346,1178.0
14:30:12,11,41.5113945,36.1189346,57.791,-9.718737,324.0,0.802500248,1141.0
14:30:13,11,41.5115,36.1188164,56.984,-10.3941269,325.0,1.99858844,1028.0
14:30:14,11,41.51159,36.11872,55.852,-10.9585075,323.0,1.52022982,1047.0
14:30:14,11,41.51171,36.1185875,53.727,-10.88422,324.0,1.07345939,978.0
14:30:15,11,41.51183,36.1184578,51.358,-10.5364485,325.0,0.901181459,913.0
14:30:16,11,41.5119133,36.11837,49.707,-9.76859951,325.0,2.50539541,795.0
14:30:17,11,41.5119972,36.11828,47.926,-10.2372189,327.0,1.15903461,1871.0
14:30:19,11,41.512104,36.11816,45.658,-10.2138615,326.0,1.22227645,2004.0
14:30:20,11,41.5121841,36.1180725,44.275,-9.081334,325.0,2.48037767,2034.0
14:30:21,11,41.5122643,36.1179848,43.118,-9.310592,327.0,-0.865902245,1960.0
14:30:22,11,41.5123749,36.1178627,41.519,-13.01217,326.0,-10.3263483,2002.0
14:30:24,11,41.5126076,36.11736,34.492,-10.6377468,289.0,2.06751919,1074.0
14:30:25,11,41.51264,36.1172,32.981,-10.13131,291.0,20.7570171,996.0
14:30:25,11,41.512722,36.117,30.602,-6.805708,303.0,31.2267,931.0
14:30:26,11,41.5128059,36.1168823,29.481,-5.7177453,324.0,33.0555229,871.0
14:30:27,11,41.5129128,36.11681,28.905,-4.69021,340.0,32.14678,798.0
14:30:28,11,41.51307,36.11677,28.207,-4.300516,354.0,34.3397064,828.0
14:30:29,11,41.5131874,36.1168022,27.608,-4.32504225,16.0,34.17275,765.0
14:30:30,11,41.51331,36.1169128,27.557,-3.50639176,36.0,31.3289089,654.0
14:30:31,11,41.5133743,36.11704,27.881,-1.23619056,48.0,31.2567558,1525.0
14:30:32,11,41.5134125,36.1171837,27.677,-2.64967942,62.0,30.9288254,1451.0
14:30:33,11,41.51342,36.1173935,27.245,-4.66126871,86.0,15.2597828,1377.0
14:30:34,11,41.5133972,36.11756,27.544,-2.33145952,90.0,-2.02949119,1310.0
14:30:36,11,41.5133553,36.11788,27.373,-11.4357653,87.0,-1.29311466,1062.0
14:30:37,11,41.51334,36.1180038,25.159,-8.277583,84.0,0.130752563,1104.0
14:30:38,11,41.5133247,36.1181564,23.0,-9.152994,82.0,0.6657485,1054.0
14:30:39,11,41.5133133,36.11825,21.591,-9.310857,81.0,0.786717,1090.0
14:30:40,11,41.513298,36.1183929,19.579,-9.733139,83.0,2.69639564,1030.0
14:30:41,11,41.5132675,36.11869,16.168,-11.7936258,82.0,1.487926,887.0
14:30:42,11,41.5132523,36.1188431,13.992,-13.0718346,83.0,3.6437633,815.0
14:30:43,11,41.513237,36.119,11.673,-8.394417,83.0,3.20772529,678.0
14:30:44,11,41.5132141,36.1191559,10.276,-7.10417366,86.0,3.78194022,1595.0
14:30:45,11,41.5132027,36.1192322,9.573,-4.68233633,97.0,0.143615335,1526.0
14:30:46,11,41.51318,36.1193848,9.018,1.47388089,81.0,-4.7609396,1559.0
14:30:48,11,41.5131378,36.11965,9.409,-0.23604098,94.0,-2.06936121,1509.0
14:30:49,11,41.5131226,36.1197281,8.919,-0.583390057,86.0,-6.575863,1440.0
14:30:50,11,41.5131073,36.11983,7.999,-1.17824173,78.0,-3.03775573,1489.0
14:30:51,11,41.5131035,36.1199036,7.061,-0.75626725,83.0,-0.191310182,1320.0
14:30:52,11,41.513092,36.1199837,5.993,-0.341569126,89.0,2.23916364,1349.0
14:30:53,11,41.5130768,36.1200943,4.171,-1.5044651,92.0,-1.68167889,1277.0
14:30:54,11,41.513073,36.1201744,4.063,-0.423727423,88.0,0.5672116,1206.0
14:30:55,11,41.513073,36.1202,4.005,-1.24726069,73.0,1.74388123,1152.0
14:30:56,11,41.5131,36.1203156,3.458,-1.62038255,58.0,2.85148668,1194.0
14:30:56,11,41.5131073,36.12033,3.386,-1.62038255,58.0,2.85148668,890.0
14:30:57,11,41.5131073,36.12033,3.386,-1.62038255,58.0,2.85148668,1775.0
14:30:58,11,41.5131073,36.12033,3.386,-1.62038255,58.0,2.85148668,1811.0
14:30:59,11,41.51315,36.12047,2.752,-1.7825886,68.0,1.34360135,1750.0
14:31:0,11,41.51315,36.12047,2.752,-1.7825886,68.0,1.34360135,1679.0
14:31:1,11,41.5131569,36.1204948,2.568,-1.27844894,67.0,1.09074664,1619.0
14:31:2,11,41.5131569,36.1204948,2.568,-1.27844894,67.0,1.09074664,1569.0
14:31:3,11,41.5131569,36.1204948,2.568,-1.27844894,68.0,1.09074664,1501.0
14:31:4,11,41.5131569,36.1204948,2.568,-1.27844894,68.0,1.09074664,1439.0
14:31:5,11,41.51316,36.1205,2.218,-1.16754973,68.0,0.306359857,1382.0
14:31:6,11,41.51316,36.1204948,2.13,-2.37915659,68.0,-1.17016578,1308.0
14:31:7,11,41.5131645,36.1204948,2.452,-5.91944,28.0,6.99061251,1345.0
14:31:8,11,41.5131721,36.12048,2.951,-3.760579,343.0,7.187004,739.0
14:31:9,11,41.51318,36.12046,3.039,-5.2267313,348.0,3.44739366,710.0
14:31:10,11,41.5131836,36.1204376,3.15,-8.456347,350.0,4.61610556,1562.0
14:31:11,11,41.5131874,36.120388,3.333,-6.62232161,352.0,4.21703863,1497.0
14:31:12,11,41.5131836,36.1203423,3.662,-6.62157536,357.0,6.309249,1529.0
14:31:13,11,41.5131836,36.1203041,4.016,-2.634619,356.0,7.140586,1456.0
14:31:14,11,41.5131836,36.12027,0.531,-5.289174,348.0,2.46818233,1304.0
14:31:15,11,41.5132,36.120224,0.638,-6.007048,345.0,10.1817446,1540.0
14:31:16,11,41.5132027,36.1201859,0.755,-6.36283541,343.0,8.920412,1474.0
14:31:17,11,41.5132065,36.12014,0.779,-7.39141369,334.0,11.9513922,1498.0
14:31:18,11,41.51321,36.12011,0.694,-6.43402863,332.0,9.815004,1429.0
14:31:19,11,41.5132141,36.12007,0.523,-9.746094,331.0,6.075906,1457.0
14:31:20,11,41.5132179,36.1200333,0.051,-8.682395,326.0,3.43605852,1496.0
