sent_time,iha_enlem_meters,iha_boylam_meters,iha_irtifa,iha_dikilme,iha_yonelme,iha_yatis
14:09:57.183000,1456.1976398449601,1607.0556315961408,-1.226,-1.32590342,44.0,1.31732583
14:09:58.253000,1456.1976398449601,1607.0556315961408,-1.236,-1.34940159,44.0,1.36600351
14:09:59.331000,1456.1976398449601,1607.0556315961408,-1.23,-1.3469739,44.0,1.47959709
14:10:00.398000,1456.6535390436004,1607.0556315961408,-1.285,-1.36576974,44.0,1.40840924
14:10:01.371000,1456.6535390436004,1607.0556315961408,-1.305,-1.348305,44.0,1.26494348
14:10:03.323000,1456.1976398449601,1607.0556315961408,-1.332,-1.32598281,44.0,1.4206413
14:10:05.378000,1456.1976398449601,1607.0556315961408,-1.333,-1.30603778,44.0,1.474112
14:10:06.428000,1456.1976398449601,1607.0556315961408,-1.322,-1.30941021,44.0,1.30166876
14:10:07.497000,1456.1976398449601,1607.0556315961408,-1.314,-1.3250339,44.0,1.31121767
14:10:08.067000,1456.1976398449601,1607.0556315961408,-1.312,-1.307438,44.0,1.3023957
14:10:09.212000,1456.1976398449601,1607.0556315961408,-1.277,-1.34146023,44.0,1.11252379
14:10:10.147000,1456.1976398449601,1606.739167307579,-1.267,-1.35538018,44.0,1.2743187
14:10:11.196000,1456.1976398449601,1606.739167307579,-1.28,-1.34298742,44.0,1.40395808
14:10:11.339000,1456.1976398449601,1606.739167307579,-1.304,-1.3240335,44.0,1.276472
14:10:12.391000,1456.1976398449601,1606.739167307579,-1.315,-1.3354634,44.0,1.2102797
14:10:13.363000,1456.1976398449601,1606.739167307579,-1.3,-1.31390643,44.0,1.35389781
14:10:14.399000,1456.1976398449601,1606.739167307579,-1.295,-1.32854331,44.0,1.52018774
14:10:15.462000,1456.1976398449601,1606.739167307579,-1.274,-1.34503758,44.0,1.41503263
14:10:16.531000,1456.1976398449601,1606.739167307579,-1.283,-1.349148,44.0,1.38455737
14:10:17.601000,1456.1976398449601,1606.739167307579,-1.282,-1.353228,44.0,1.35881031
14:10:18.662000,1456.1976398449601,1606.739167307579,-1.267,-1.356025,44.0,0.884024262
14:10:19.734000,1457.4652620083446,1607.6968881801454,-1.263,-1.05946124,44.0,0.3409624
14:10:20.711000,1460.8567072709743,1613.1350771374398,-1.009,3.87383652,36.0,-1.17990935
14:10:23.650000,1474.0110670925544,1635.3292173655516,11.654,16.4877224,38.0,24.1390057
14:10:23.737000,1474.0110670925544,1635.3292173655516,11.654,16.4877224,38.0,24.1390057
14:10:24.814000,1477.4025123558915,1646.447107497739,16.984,6.527827,57.0,16.4755249
14:10:25.959000,1478.6701345192762,1655.9826761862253,19.936,3.89394259,60.0,12.4180946
14:10:26.949000,1472.7323254367445,1685.588743159503,23.327,2.43180943,95.0,41.9052544
14:10:28.024000,1454.4296405111113,1701.4119575719365,25.533,5.77749634,111.0,38.5585136
14:10:28.096000,1434.1365663981678,1707.4497630710935,28.771,9.382052,154.0,35.11357
14:10:30.069000,1412.498033673447,1706.8085064870702,33.059,12.1411028,177.0,33.04531
14:10:30.129000,1392.9944435396894,1701.0954932836123,37.603,14.8137426,193.0,43.4584045
14:10:31.180000,1377.2937198974998,1692.5176454705177,41.872,13.0123739,210.0,-20.6192417
14:10:32.252000,1356.5781050639,1684.2562619451903,47.229,8.170508,196.0,-16.2433624
14:10:33.215000,1341.0108153329384,1679.7591378486993,49.777,4.30434752,192.0,-11.777874
14:10:34.296000,1324.698519594615,1676.4279348140574,50.788,0.003944434,186.0,-8.78313351
14:10:35.360000,1299.2460008859005,1672.2639310204972,52.615,-0.637659848,180.0,-5.25917244
14:10:36.437000,1279.853605679227,1669.9570729186064,51.973,-3.310642,180.0,-3.95805931
14:10:37.413000,1260.950468149178,1667.267126467404,50.567,1.250279,184.0,44.7821
14:10:38.571000,1243.6818960417497,1659.1556470774638,49.057,-0.885572553,218.0,44.5085449
14:10:39.621000,1229.2599140553702,1639.7847014260597,48.412,1.87391233,247.0,46.0888443
14:10:40.620000,1225.868468792741,1624.2113272329195,48.318,0.718751848,281.0,42.6796341
14:10:40.678000,1228.4148326133497,1610.636674860279,48.83,1.240687,302.0,33.08658
14:10:41.757000,1236.487584287552,1595.6462611952406,50.498,0.75966996,324.0,17.14016
14:10:42.838000,1244.2712291523255,1586.4854528432963,51.881,-0.171096236,328.0,10.7089434
14:10:43.917000,1255.3907218176012,1575.2926106381417,52.808,-2.76751733,337.0,3.112417
14:10:44.878000,1264.886768551974,1567.6641556819911,54.031,-4.225634,337.0,0.9324334
14:10:45.942000,1273.7934821764786,1560.0440287333465,54.816,-6.27053547,340.0,-8.598928
14:10:47.002000,1284.3014027449128,1549.8422194296672,54.371,-7.08961248,336.0,-15.3405285
14:10:47.077000,1291.6180289179133,1540.339962763579,54.592,-5.20350552,327.0,-11.8177786
14:10:48.139000,1297.9783787218087,1530.179793496549,53.522,-5.94446135,322.0,33.39959
14:10:49.218000,1306.8850923463133,1521.5269936037146,51.04,-6.99841166,344.0,35.927784
14:10:50.192000,1318.771830004509,1519.0285913242963,49.571,-2.34951687,4.0,24.237484
14:10:51.267000,1330.21378795649,1520.9606890871144,48.893,-1.86524594,23.0,14.3848667
14:10:52.344000,1343.234713866135,1527.35659892165,49.984,-2.15555358,30.0,8.113597
14:10:53.111000,1353.5424835659594,1533.6692286790642,51.534,-2.32028413,33.0,1.12137616
14:10:54.083000,1359.9139528629878,1538.1830087965448,52.491,-4.524372,35.0,-1.26813686
14:10:55.822000,1368.8095469943594,1543.837725953778,53.36,-6.115587,39.0,-3.68112326
14:10:56.892000,1375.4812425925345,1547.968417720765,54.316,-6.491761,33.0,-5.62117624
14:10:57.963000,1382.8089882586676,1551.7826451994606,55.116,-8.144598,28.0,-5.21309
14:10:58.990000,1393.2724308559852,1556.5046255059628,56.138,-9.30167,26.0,-3.72920346
14:11:00.009000,1403.5913200489422,1560.3604930220215,55.937,-11.2334089,26.0,-3.05278
14:10:59.162000,1417.7353147176113,1565.440577654488,54.117,-6.911055,32.0,34.05526
14:11:00.225000,1425.518959583092,1572.7442403141774,51.913,-7.972097,51.0,29.6131077
14:11:01.294000,1429.4663794790208,1583.5456661631456,50.786,-5.79668951,68.0,23.6318321
14:11:02.261000,1430.745121135538,1594.8134604353736,49.943,-6.245718,78.0,19.7639618
14:11:03.323000,1427.7428581155814,1609.5956739109624,49.522,-5.426355,86.0,12.3414831
14:11:04.396000,1423.951111117146,1620.0806354678075,49.419,-6.21644974,95.0,6.174925
14:11:05.470000,1419.2920436904244,1630.8820613128273,50.496,-5.99038,95.0,1.39342642
14:11:06.546000,1414.6218567719848,1642.2831037026497,50.101,-7.37288761,99.0,-1.3038944
14:11:07.514000,1406.9938848039976,1660.1133679501647,48.509,-6.156163,96.0,-7.551124
14:11:08.589000,1402.7462386062145,1673.0967317787963,48.272,-5.352207,92.0,-6.787449
14:11:09.657000,1397.7202279216713,1689.977603156842,48.265,-5.003143,90.0,-5.325857
14:11:10.603000,1393.8395249824173,1702.044886148582,47.775,-1.96169651,89.0,40.5830269
14:11:11.759000,1386.2004335220047,1713.0711681906732,46.768,-3.238741,119.0,43.8185921
14:11:13.697000,1350.1510383033296,1724.2889944063063,46.011,-0.60728997,171.0,34.7371826
14:11:14.810000,1330.636328677854,1720.566375016374,46.249,-1.37561953,191.0,21.50924
14:11:15.750000,1311.5441597723275,1713.0711681906732,46.903,-0.635899365,201.0,9.51469
14:11:15.875000,1288.215464162151,1702.2447583305686,47.491,-2.16524053,204.0,-0.344282031
14:11:16.047000,1288.215464162151,1702.2447583305686,47.491,-2.16524053,204.0,-0.344282031
14:11:18.009000,1255.9800549281767,1686.1633756822605,48.344,-1.14387465,213.0,43.7206879
14:11:19.080000,1244.9495182051344,1674.4042289704755,47.978,-1.40605652,239.0,45.8138161
14:11:19.153000,1239.0117091226027,1653.4426338718008,48.233,-0.9192438,278.0,39.1652832
14:11:20.118000,1240.9353813525308,1638.951900667539,48.758,-0.4720839,294.0,29.5757065
14:11:21.167000,1245.8057191395803,1626.4598892821812,48.787,-2.31343722,307.0,20.5755348
14:11:22.287000,1253.433691108275,1613.967877896659,49.007,-2.26568079,316.0,8.613407
14:11:23.337000,1264.2863159482656,1598.144663472691,49.166,-2.68147659,323.0,-1.01121521
14:11:24.378000,1272.5258600130942,1587.3182536021573,49.188,-2.35774064,322.0,-4.630015
14:11:25.426000,1279.3087505383535,1576.242003503525,49.123,-2.41810822,318.0,-7.072622
14:11:26.498000,1285.669100342249,1564.8326330999369,48.901,-2.34374237,316.0,-6.50243
14:11:27.575000,1292.4631103599338,1549.5590671716916,48.389,-2.931032,310.0,-9.150363
14:11:28.549000,1297.1221777866554,1537.1669918694358,49.207,-1.950458,306.0,-6.762006
14:11:30.810000,1314.3240329388234,1516.197068741748,51.303,-2.860056,345.0,35.5599022
14:11:30.962000,1327.2448834145168,1514.6147472978478,52.018,-4.112271,9.0,27.6431274
14:11:31.039000,1327.2448834145168,1514.6147472978478,52.018,-4.112271,9.0,27.6431274
14:11:31.102000,1339.1205015802873,1517.1547896149673,51.232,-3.94282913,20.0,21.5356674
14:11:34.047000,1354.354206530703,1526.5237981613545,50.176,-3.38872,36.0,2.921464
14:11:34.215000,1363.7279388462741,1533.3527643903265,50.151,-3.6032176,38.0,-3.15709066
14:11:35.185000,1373.4797339135064,1540.6814110745506,49.783,-4.27803946,34.0,-5.670636
14:11:36.258000,1383.6540697021028,1547.968417720765,48.974,-4.39889526,34.0,-6.66748571
14:11:37.227000,1394.684606424438,1554.0062232271923,48.963,-2.50338268,27.0,-6.490606
14:11:38.274000,1406.137683868844,1558.7698435712239,49.655,-2.43558145,25.0,-5.369691
14:11:39.345000,1416.3231391491588,1562.9005353388084,49.928,-2.08230615,23.0,32.26122
14:11:40.417000,1423.951111117146,1568.613548547959,49.349,-4.477359,37.0,34.1524544
14:11:41.981000,1428.8548073828867,1576.874932080796,48.942,-1.7022059,52.0,31.0487175
14:11:42.130000,1431.5902025782661,1588.6340788021316,49.059,-1.64208639,70.0,27.9897022
14:11:43.710000,1424.8073120530066,1620.397099756337,50.868,-3.47080874,93.0,6.772178
14:11:44.769000,1419.7145844124957,1634.7878968722032,51.226,-4.576657,96.0,0.184123173
14:11:45.724000,1414.399466919231,1648.3542212353882,51.33,-4.75183868,99.0,-0.181133687
14:11:46.797000,1409.9516698535454,1660.6047203978908,51.699,-5.324086,98.0,-0.07839694
14:11:47.868000,1404.013860769599,1677.2607355723294,52.595,-6.15702724,97.0,-2.298484
14:11:48.810000,1400.1998747863124,1689.7527469520842,52.477,-6.218562,95.0,-4.57053137
14:11:49.966000,1396.385888802319,1702.2447583305686,52.137,-3.65424,95.0,40.80798
14:11:50.119000,1387.712684523701,1714.436961434293,51.242,-4.060408,117.0,43.3858376
14:11:51.177000,1365.8406424530936,1724.7303788082882,50.435,-3.45960975,149.0,43.27534
14:11:52.241000,1345.9033921055466,1724.921922982832,49.668,-0.837151,170.0,30.812376
14:11:53.316000,1327.2448834145168,1720.566375016374,48.674,-1.89564157,188.0,20.18819
14:11:54.292000,1306.0400109042928,1712.238367432116,48.089,-2.070434,198.0,5.7975173
14:11:55.366000,1290.339287261396,1704.909720757728,48.249,-1.204731,203.0,1.8711828
14:11:56.488000,1275.0722238337032,1697.5977300977115,48.408,-2.57069421,202.0,-2.08756781
14:11:56.611000,1259.3715001908065,1689.977603156842,49.07,0.5469248,207.0,44.7818
14:11:57.679000,1242.8368145983147,1672.8219075285003,49.075,-1.0033288,240.0,46.826767
14:11:58.644000,1236.899005515783,1655.0249553134925,48.595,-1.26542854,265.0,43.0116119
14:11:59.707000,1239.0117091226027,1635.3292173655516,48.239,-0.136351064,293.0,28.995615
14:12:00.765000,1245.3831784189238,1620.6302839686302,48.829,-0.5801538,309.0,21.43917
14:12:01.839000,1255.9800549281767,1605.1485178573437,49.423,-1.75599062,316.0,5.04056644
14:12:02.795000,1260.950468149178,1598.4777837761003,49.554,-1.86826468,317.0,2.54306054
14:12:03.874000,1270.958011547148,1584.819851325029,50.531,-2.546445,316.0,-5.83850574
14:12:04.945000,1277.6297071460306,1574.826242212862,51.531,-2.88395119,317.0,-5.88585
14:12:05.801000,1283.5563967361365,1565.1241133663545,52.235,-3.99718642,311.0,-6.535021
14:12:06.873000,1291.6180289179133,1549.5590671716916,52.436,-6.573109,313.0,-8.329324
14:12:07.946000,1298.4009194424652,1535.8928067070958,52.079,-5.79508829,304.0,8.509871
14:12:09.014000,1305.4284388074514,1523.8255237002943,50.776,-4.994045,323.0,39.59668
14:12:09.092000,1317.6598807379107,1517.1547896149673,50.026,-2.65047359,347.0,33.7206039
14:12:10.675000,1339.8988660670475,1519.0285913242963,50.499,-0.03560327,20.0,17.1556263
14:12:11.733000,1350.5735790246938,1524.4584522778136,50.743,-3.09843063,30.0,10.9181671
14:12:12.808000,1358.8020035963893,1529.8550011998557,50.926,-2.89410973,32.0,4.451798
14:12:13.865000,1366.2631831744575,1535.8928067070958,50.723,-3.97290754,34.0,-0.09168568
14:12:14.922000,1375.4812425925345,1542.5635407915008,50.822,-3.96698332,33.0,-3.92463779
14:12:15.883000,1385.4887859905045,1549.0094186705703,51.479,-4.123837,31.0,-5.77485132
14:12:16.953000,1394.3843801225835,1554.0062232271923,51.689,-5.59763527,31.0,-3.79503918
14:12:17.921000,1402.1680249880644,1557.8121226982994,51.927,-6.060054,25.0,-5.77533627
14:12:18.990000,1409.9516698535454,1560.9934215988387,51.716,-5.53930473,22.0,-0.0408288427
14:12:19.066000,1419.7145844124957,1566.0735062318113,50.982,-6.49750948,30.0,28.12166
14:12:20.029000,1425.2298527743706,1573.1606406939175,50.243,-5.226337,48.0,24.2033081
14:12:21.102000,1427.7428581155814,1582.5962732972855,50.039,-4.69962168,63.0,25.1392021
14:12:22.175000,1427.3536758729085,1598.7942480646823,49.727,-4.518293,78.0,16.35643
14:12:23.243000,1423.951111117146,1611.1863233611423,49.792,-5.41379642,86.0,5.835643
14:12:24.322000,1419.7145844124957,1624.2113272329195,49.615,-4.642908,89.0,2.822804
14:12:24.349000,1415.511416185122,1636.2869382384335,49.424,-5.068144,93.0,-1.22938418
14:12:25.406000,1410.3853300666274,1650.9025915573247,50.189,-3.912848,97.0,1.17244887
14:12:26.448000,1406.6158220537504,1661.437521156798,50.596,-4.748795,96.0,-0.454653829
14:12:27.504000,1401.901157164194,1675.994878419309,51.473,-5.85084057,95.0,-5.568144
14:12:28.562000,1398.5097119015643,1688.3869537076587,51.798,-6.244557,91.0,-3.92311883
14:12:29.618000,1394.3843801225835,1701.7284218602595,51.021,-3.430105,96.0,40.2808876
14:12:30.675000,1384.0877299151846,1713.48756856995,50.187,-3.25506735,125.0,41.71627
14:12:31.611000,1369.2320877157233,1720.1583026450564,49.798,-1.56183136,142.0,38.7604752
14:12:33.652000,1331.0032719349686,1717.2351719828457,49.848,-2.78772879,189.0,19.170845
14:12:34.722000,1315.4359822054214,1711.4055666740824,50.714,-4.48623037,198.0,8.278435
14:12:36.368000,1278.7416564119214,1694.4247592074594,49.888,-6.30940533,198.0,-3.165312
14:12:37.426000,1262.340404732072,1687.2543446764466,48.809,-4.35971737,196.0,32.7064171
14:12:38.542000,1247.0733413043795,1676.6278069960856,47.39,-5.108959,220.0,43.4342728
14:12:39.543000,1236.487584287552,1659.4804393733039,46.899,-1.13469613,246.0,45.0667152
14:12:39.699000,1233.1517364884644,1640.4176300030192,47.006,-2.66278458,274.0,42.41542
14:12:40.778000,1239.4342498439669,1617.8570574411992,48.682,0.5816994,297.0,26.48734
14:12:41.849000,1247.0733413043795,1603.5661964145024,49.569,-1.39156485,316.0,15.9061413
14:12:42.814000,1255.3907218176012,1592.1235139831115,50.727,-1.18296146,316.0,6.42261362
14:12:43.896000,1267.010591651219,1577.5161886654794,51.843,-3.822715,317.0,-1.51074314
14:12:44.963000,1275.0722238337032,1567.031227105205,52.621,-5.106661,315.0,-4.86628866
14:12:46.804000,1290.339287261396,1541.9306122145956,52.878,-6.23215055,318.0,-7.24250126
14:12:47.872000,1297.1221777866554,1528.1893996808803,52.118,-6.47080231,315.0,16.897522
14:12:48.925000,1301.3698239851456,1522.3597943629813,51.402,-6.66498661,333.0,37.5203438
14:12:50.001000,1312.8229014288447,1515.2476758754103,49.851,-3.77328682,357.0,31.5118332
14:12:50.078000,1325.1210603152717,1515.2476758754103,49.615,-2.84280443,17.0,22.2641354
14:12:51.036000,1335.7290563176575,1519.6948319325697,50.108,-2.72805142,25.0,13.7490349
14:12:52.064000,1344.6357699421621,1526.0491017284874,50.315,-4.45035744,32.0,3.67910028
14:12:53.197000,1352.6974021232313,1533.1862042382752,50.137,-4.656268,32.0,0.4017969
14:12:53.208000,1361.6041157484433,1539.3905698974102,49.91,-5.28445864,33.0,-3.59363365
14:12:54.289000,1367.9644655523387,1544.0126141132328,49.883,-5.164796,30.0,-4.98812962
14:12:55.359000,1375.1698967982547,1548.176617910409,49.8,-4.8963356,31.0,-4.36516237
14:12:59.583000,1414.399466919231,1564.4911847884973,49.925,-4.00619125,20.0,27.989563
14:13:02.927000,1429.9667566494852,1594.98834859529,49.023,-3.9849577,76.0,21.7349167
14:13:04.576000,1423.951111117146,1618.964682450802,50.119,-4.03306532,89.0,6.477871
14:13:04.736000,1423.951111117146,1618.964682450802,50.119,-4.03306532,89.0,6.477871
14:13:06.681000,1414.399466919231,1645.1812503438766,48.523,-4.64044857,92.0,-0.459277451
14:13:07.289000,1409.9516698535454,1656.4407166032706,48.576,-3.39719367,94.0,-1.56166887
14:13:07.388000,1404.3919235205537,1671.4311302616622,48.728,-3.61121225,91.0,-2.00953126
14:13:08.449000,1400.1998747863124,1683.6233333684531,48.583,-4.229656,91.0,-3.61330581
14:13:09.527000,1396.6082786557802,1696.415153020556,48.725,-3.76062,90.0,17.4016266
14:13:10.566000,1390.4480797197875,1708.9071643983582,47.961,-3.800098,104.0,42.5681953
14:13:11.642000,1372.6346524714857,1722.231976533369,47.213,-0.752229631,133.0,43.9264374
14:13:12.597000,1353.9650242880305,1725.5631795667591,47.102,-1.195138,167.0,38.4877625
14:13:13.663000,1334.3391197347632,1723.0647772918576,47.595,-0.0170935616,189.0,24.3894215
14:13:14.640000,1316.5479314713125,1716.402371224317,49.188,-0.8852242,195.0,11.67381
14:13:15.614000,1294.3089461428829,1705.575961364509,50.879,-3.23497844,204.0,1.34709287
14:13:16.691000,1279.853605679227,1698.0807545378818,51.251,-3.94382381,199.0,-3.85845113
14:13:17.657000,1265.3982652155712,1691.4183484695013,51.278,-4.865576,201.0,21.4585838
14:13:19.620000,1236.487584287552,1661.437521156798,48.853,-3.408105,254.0,43.80529
14:13:20.693000,1234.2636857543555,1639.7847014260597,48.027,-2.05296159,289.0,37.18872
14:13:21.728000,1240.7129914997768,1622.9454700793656,48.792,-1.470915,311.0,24.4905739
14:13:21.737000,1249.1971644029175,1609.8038741005082,50.254,-1.60789979,325.0,12.7707081
14:13:22.815000,1257.258796584694,1600.6430657500928,51.406,-4.07278967,326.0,2.69678974
14:13:23.889000,1262.7740649458617,1594.3470920106934,51.996,-5.015906,328.0,-1.86349547
14:13:24.864000,1272.9484007344581,1582.5962732972855,52.907,-4.122299,327.0,-4.16257238
14:13:25.936000,1280.9655549451181,1570.8454545833536,52.919,-6.367017,324.0,-9.04835
14:13:27.015000,1288.7491998098915,1558.1702270245878,52.229,-6.49857759,319.0,-8.939107
14:13:27.085000,1295.8545556225636,1544.0126141132328,51.472,-6.42594862,313.0,-10.5528936
14:13:28.053000,1302.6374461485302,1529.5385369111088,50.81,-1.6771034,310.0,41.8778267
14:13:29.129000,1310.699078330307,1521.285481382769,49.906,-4.68009,335.0,35.7506371
14:13:30.205000,1323.853438151887,1517.1547896149673,49.919,-3.47985148,359.0,31.56928
14:13:31.281000,1336.5630182672526,1519.3783676432695,50.701,-3.69445014,17.0,20.119318
14:13:32.256000,1348.0272152040843,1524.8581966423383,51.761,-4.598401,25.0,9.924001
14:13:33.319000,1355.4661557965944,1529.5385369111088,52.883,-4.84393358,28.0,4.360829
14:13:34.392000,1365.4736991945647,1536.2175990037745,53.814,-6.86312532,30.0,-1.40290427
14:13:35.545000,1374.7473560768908,1542.347012593902,54.338,-7.2749114,32.0,-4.760896
14:13:36.445000,1384.3768367246134,1548.176617910409,53.969,-8.958753,23.0,-3.81100917
14:13:36.594000,1392.1604815900944,1552.3406217085155,53.011,-9.573925,21.0,-4.555957
14:13:37.667000,1402.7462386062145,1557.4956584090887,52.3,-7.890588,18.0,-4.17434454
14:13:38.645000,1414.6218567719848,1562.3342308218523,51.689,-8.356889,13.0,14.1130753
14:13:39.719000,1423.2950610498956,1566.7147628165465,51.445,-8.33919,24.0,36.8089371
14:13:40.797000,1432.1906551819748,1578.4655815308463,50.791,-4.43885374,46.0,33.9501152
14:13:41.875000,1434.1365663981678,1586.4854528432963,50.475,-6.405196,65.0,31.86855
14:13:42.837000,1433.3026044478654,1604.8070695460099,49.982,-4.28987169,83.0,19.3608055
14:13:43.891000,1428.8548073828867,1619.1312426027448,49.735,-5.55965376,91.0,10.009634
14:13:44.967000,1421.0711625174063,1638.119099907953,49.561,-5.300582,97.0,1.37191761
14:13:45.948000,1415.0443974933487,1650.9025915573247,49.269,-5.49266148,96.0,-1.95758343
14:13:47.024000,1409.9516698535454,1662.2703219151704,48.725,-5.04850626,94.0,-4.49979925
14:13:47.087000,1405.503872787152,1672.8219075285003,48.066,-5.09214926,94.0,-2.47401571
14:13:48.145000,1399.9441264555753,1688.7034179960153,47.831,-4.56376171,94.0,-5.99223328
14:13:49.113000,1395.4963293891822,1701.4119575719365,47.538,-1.91470325,90.0,37.923748
14:13:50.197000,1387.4791751778146,1714.1204971460027,45.935,-3.25363159,117.0,43.9945221
14:13:51.260000,1371.778451535625,1723.6477378223724,44.465,-1.02993882,145.0,43.1640739
14:13:52.404000,1346.3259328269105,1725.5631795667591,43.835,-0.1521882,180.0,34.4983139
14:13:53.587000,1311.5441597723275,1711.8969191210738,46.897,-0.474168181,210.0,7.580806
14:13:55.748000,1277.6297071460306,1694.7495515037372,48.853,-3.04454541,208.0,-5.07852936
14:13:56.824000,1262.7740649458617,1688.0871454346448,49.011,-2.66783357,205.0,32.8168755
14:13:57.785000,1244.5269774837705,1673.454836105293,48.055,-2.39208341,227.0,45.082283
14:13:58.854000,1237.5995335541504,1657.2735173627357,47.901,-2.032072,265.0,44.0581474
14:13:59.928000,1237.5995335541504,1640.4176300030192,48.226,-1.000176,288.0,35.3434372
14:14:00.901000,1244.9495182051344,1621.9877492063827,49.196,-0.938746333,312.0,21.0932178
14:14:01.966000,1252.0548740178065,1611.1863233611423,50.053,-1.09605885,323.0,10.6537733
14:14:03.028000,1259.8385188825796,1602.3086672681582,50.318,-3.79050231,328.0,-0.05313903
14:14:03.092000,1264.2863159482656,1596.479061954043,50.52,-3.650649,326.0,-3.44806314
14:14:04.064000,1275.9173052757237,1582.5962732972855,51.035,-5.37451124,322.0,-9.506462
14:14:05.141000,1284.824018899521,1570.8454545833536,50.428,-5.07299232,315.0,-10.6034756
14:14:06.214000,1292.4631103599338,1557.337426265013,50.026,-4.240511,313.0,-10.6837215
14:14:07.272000,1298.7567432078617,1542.5635407915008,49.765,-3.9469,308.0,-9.60481
14:14:08.311000,1305.1838099684321,1529.0222004406355,49.655,2.79015565,306.0,41.58906
14:14:08.406000,1310.2765376089428,1523.5090594110038,49.29,-3.19476175,328.0,37.76376
14:14:09.382000,1323.853438151887,1519.0285913242963,49.398,-1.58231616,351.0,31.0865669
14:14:10.444000,1336.1515970390215,1520.3277605095784,50.23,-2.14035034,11.0,22.7838535
14:14:11.496000,1347.1821337620638,1525.416173151505,52.006,-2.52108526,21.0,10.4362106
14:14:12.569000,1357.6900543304982,1531.5206027193403,53.085,-6.46022272,24.0,4.299314
14:14:14.124000,1380.2626244387657,1545.428375404753,53.493,-6.754657,26.0,-3.61817312
14:14:15.082000,1389.1693380632703,1550.19199574909,54.354,-5.66267252,23.0,-2.0032258
14:14:16.151000,1398.0760516870675,1554.6391518045698,54.448,-6.33061552,21.0,-4.861993
14:14:17.223000,1406.137683868844,1558.453379282545,54.284,-6.847775,16.0,-3.745718
14:14:18.294000,1414.399466919231,1561.5014300623036,54.187,-6.39571047,16.0,13.8772783
14:14:19.263000,1424.4070103172012,1568.9966368969922,52.774,-8.100856,32.0,30.5371265
14:14:20.330000,1429.9667566494852,1579.8230467685112,51.676,-6.21339226,51.0,30.158947
14:14:21.459000,1431.5902025782661,1593.1478589172125,51.291,-4.76220751,69.0,23.8412724
14:14:22.478000,1428.621298036293,1611.469475618985,50.653,-5.488225,86.0,14.2269039
14:14:22.538000,1424.4070103172012,1623.1286862461259,50.529,-5.33728933,90.0,6.961262
14:14:23.606000,1419.7145844124957,1635.0127530770594,50.332,-6.289819,93.0,3.89742923
14:14:24.680000,1414.6218567719848,1647.2799082562103,50.285,-6.03055763,93.0,-1.1372577
14:14:25.742000,1407.7277713196413,1664.5605240018563,51.62,-5.566644,96.0,-2.45337367
14:14:26.811000,1402.7462386062145,1677.2607355723294,52.476,-6.59864855,91.0,-5.87995052
14:14:27.892000,1398.0760516870675,1690.2940674451943,52.848,-7.608559,89.0,-4.360575
14:14:28.965000,1394.3843801225835,1701.7284218602595,52.698,-5.97468233,88.0,38.181385
14:14:31.597000,1352.6974021232313,1725.8713158470848,48.84,-3.275373,164.0,40.2922974
14:14:32.679000,1332.7601517763917,1723.0647772918576,47.783,-4.326548,188.0,26.0195484
14:14:34.450000,1289.8611490771973,1704.909720757728,47.267,-3.38570666,206.0,1.57871592
14:14:35.522000,1272.9484007344581,1696.6483372332373,47.4,-2.836751,208.0,-2.71216321
14:14:36.617000,1253.1668232844045,1684.7559424002284,47.239,-1.390593,212.0,44.0407829
14:14:36.660000,1243.1592798864344,1672.2639310204972,46.588,-2.05433726,245.0,44.75679
14:14:37.728000,1239.4342498439669,1656.4407166032706,46.691,0.0562228635,271.0,40.8136024
14:14:38.501000,1240.7129914997768,1641.6834871563997,46.57,-0.9236205,291.0,32.85473
14:14:41.050000,1253.8562318289316,1615.633479414552,46.355,-1.41362607,318.0,6.29675
14:14:41.130000,1263.1743666823745,1602.6084755413756,46.823,-1.527892,320.0,-3.53582025
14:14:42.103000,1271.680778570366,1590.857656829243,48.105,-2.586743,320.0,-3.36831045
14:14:43.171000,1280.1649514735068,1578.4655815308463,48.792,-3.33078218,315.0,-7.709993
14:14:45.228000,1293.730732524733,1551.5078209489047,50.447,-3.89840651,306.0,-6.82232475
14:14:46.301000,1299.2460008859005,1537.1669918694358,51.453,-3.69273663,307.0,0.6119636
14:14:47.275000,1306.5403880733425,1525.0913808548007,51.09,-2.69523525,317.0,39.43029
14:14:48.333000,1312.1001344056265,1521.285481382769,50.584,-3.82886481,342.0,33.3586731
14:14:49.401000,1324.698519594615,1518.4206467700653,49.934,-2.18382716,0.0,26.51305
14:14:50.477000,1337.4192192024059,1520.9606890871144,49.561,-3.32793355,17.0,15.9740362
14:14:51.519000,1348.7944601984193,1526.5237981613545,49.115,-2.99285817,25.0,8.821867
14:14:52.495000,1359.057751927127,1533.1862042382752,49.618,-2.47793531,25.0,0.5574538
14:14:52.751000,1368.8095469943594,1539.848610315397,49.952,-3.26353836,27.0,-3.41105461
14:14:53.705000,1379.4175429960378,1546.5110163916597,50.208,-3.83128023,24.0,-3.50929832
14:14:54.780000,1386.6007352578101,1550.6750201892885,49.956,-3.81077075,22.0,-2.643371
14:14:55.850000,1394.3843801225835,1554.6391518045698,49.81,-3.9279,21.0,-3.72477269
14:14:56.825000,1404.8700617054596,1559.4027721491084,49.492,-3.91125655,16.0,-3.47927737
14:14:57.903000,1414.399466919231,1562.9005353388084,49.339,-3.20187545,16.0,20.3267326
14:14:58.978000,1425.518959583092,1571.7948474487691,48.664,-2.80752063,28.0,32.7233162
14:15:00.041000,1429.4663794790208,1579.4149743967364,48.303,-2.17537618,50.0,31.29217
14:15:00.113000,1431.0787059153763,1597.3118627133697,48.201,-1.62202632,71.0,23.397562
14:15:01.190000,1428.621298036293,1611.1863233611423,48.319,-2.23729777,83.0,15.4830875
14:15:02.165000,1424.4070103172012,1625.6270885235726,48.771,-2.74863768,91.0,6.394958
14:15:03.244000,1418.8472639842098,1638.951900667539,49.314,-2.94569778,93.0,-0.235656679
14:15:04.303000,1411.6529522300118,1656.6156047631034,49.956,-3.144157,95.0,-3.3520298
14:15:05.365000,1406.9938848039976,1668.3747514771037,50.376,-3.57644057,94.0,-3.67859983
14:15:06.466000,1401.056075721466,1685.2056548097605,51.063,-4.33748,94.0,-3.78872013
14:15:06.495000,1398.5097119015643,1693.9167507450543,51.004,-4.47658968,92.0,21.3541412
14:15:07.568000,1389.5918787846342,1712.238367432116,50.14,-4.09201145,112.0,44.7844467
14:15:08.634000,1374.7473560768908,1723.0647772918576,49.375,-2.68735313,143.0,44.750988
14:15:09.701000,1354.354206530703,1727.2287810831551,49.387,-0.924619,169.0,40.7795334
14:15:10.764000,1328.779373402479,1722.0570883736304,49.602,-1.43479073,193.0,23.0168781
14:15:11.832000,1311.5441597723275,1714.7367697077716,50.39,-2.049922,203.0,9.765805
14:15:12.896000,1295.4208954094813,1706.4087621225822,50.738,-3.16804862,206.0,2.41888547
14:15:13.959000,1280.1649514735068,1698.5554509706442,50.702,-3.95936942,206.0,-3.978488
14:15:14.928000,1260.6502418473235,1688.7034179960153,50.442,-1.490245,205.0,39.0070229
14:15:16.004000,1247.6070769521205,1678.0935363311248,49.795,-3.45257115,227.0,46.04633
14:15:16.981000,1238.7114828200415,1663.2863388407684,48.979,-2.48000669,255.0,45.7607269
14:15:17.059000,1236.899005515783,1647.2799082562103,48.69,-0.53247267,281.0,40.6833534
14:15:18.131000,1240.2904507784128,1633.12229535456,48.913,-1.9706763,303.0,28.5775185
14:15:19.182000,1250.0422458456453,1617.2990809329526,50.946,-1.61800075,316.0,9.496108
14:15:20.189000,1259.3715001908065,1605.1485178573437,52.807,-3.34385514,320.0,1.06135666
14:15:20.323000,1267.8556730939472,1594.3470920106934,53.364,-4.27090454,321.0,-0.5244541
14:15:22.249000,1283.5563967361365,1572.3278399344367,52.751,-5.282412,317.0,-6.46312428
14:15:23.307000,1289.8611490771973,1560.3604930220215,52.184,-6.012025,311.0,-8.077354
14:15:24.383000,1294.586933459179,1550.6750201892885,51.955,-5.63053131,310.0,-6.4539156
14:15:25.426000,1298.4009194424652,1540.9812193479083,51.626,-4.8755,305.0,-6.227282
14:15:27.384000,1313.6679828715726,1521.91840996083,51.159,-4.08077,338.0,31.0997543
14:15:28.446000,1325.966141758707,1519.8613920846374,51.27,-6.12770939,359.0,26.2365627
14:15:29.511000,1338.2754201382666,1522.8678028265915,51.526,-5.772111,12.0,16.7550182
14:15:30.579000,1349.9064094650173,1527.9562154684236,51.823,-6.150698,21.0,8.805886
14:15:31.638000,1359.4802926491982,1533.6692286790642,52.204,-7.493905,24.0,0.329754859
14:15:32.671000,1371.778451535625,1540.9812193479083,52.165,-6.71131,24.0,-1.25958741
14:15:33.779000,1379.9290396589276,1545.428375404753,51.792,-6.31818771,23.0,-2.4549706
14:15:33.913000,1388.3242566205424,1550.19199574909,51.355,-5.89443254,22.0,-3.723414
14:15:34.971000,1401.4786164428301,1556.8627298322544,50.57,-5.69402552,19.0,-3.72960258
14:15:36.045000,1411.0636191194362,1560.9934215988387,49.983,-5.596932,15.0,-4.155572
14:15:37.020000,1421.4158667896697,1566.0735062318113,49.058,-4.1111393,20.0,33.5578041
14:15:37.088000,1428.8548073828867,1576.4918437312565,48.26,-6.38086176,49.0,36.30464
14:15:38.133000,1432.1906551819748,1589.5834716679483,48.922,-2.22752166,64.0,27.64986
14:15:39.198000,1432.1906551819748,1603.141468027977,49.335,-4.14565945,79.0,25.7557125
14:15:40.266000,1427.7428581155814,1622.2958854874958,49.539,-4.24397373,90.0,11.9678917
14:15:41.342000,1422.1831117840045,1637.2862991494205,49.713,-4.16256762,96.0,4.55794764
14:15:42.411000,1416.3231391491588,1651.8519844226792,50.12,-4.59511042,97.0,-0.6443536
14:15:43.382000,1410.3853300666274,1665.8263811555225,50.707,-4.70463943,97.0,-2.34867334
14:15:44.387000,1403.5913200489422,1683.306869080613,51.294,-6.5561533,98.0,-3.41580057
14:15:45.354000,1399.3547933435848,1694.7495515037372,51.556,-7.17317724,94.0,-4.483928
14:15:46.505000,1393.8395249824173,1708.3991559354836,51.661,-4.30110741,104.0,41.7051277
14:15:47.496000,1382.3864475373036,1719.7335742578682,51.083,-4.520333,129.0,44.1120338
14:15:47.643000,1361.0259021288784,1727.2287810831551,50.07,-4.05322742,158.0,40.7325
14:15:48.722000,1343.7906884994343,1725.8713158470848,50.089,-6.0855217,179.0,28.4047489
14:15:49.792000,1321.729615052642,1718.5676531962683,51.412,-3.169686,199.0,15.1036606
14:15:50.864000,1307.3076330676772,1711.4055666740824,52.009,-5.464259,204.0,5.46268559
14:15:52.520000,1272.0699608137463,1692.2511492276715,51.703,-8.194321,208.0,-7.77567768
14:15:54.977000,1244.9495182051344,1671.2312580790958,49.375,-4.679551,244.0,43.85465
14:15:56.037000,1239.8234320866395,1655.6079158448604,48.678,-3.804819,267.0,38.8141022
14:15:56.103000,1242.8368145983147,1636.919866815411,48.979,-3.190907,297.0,22.8053036
14:15:57.063000,1250.0422458456453,1623.1286862461259,50.233,-2.43764234,308.0,15.6304436
14:15:59.801000,1267.010591651219,1600.6430657500928,50.891,-5.698221,319.0,-0.203490064
14:16:00.871000,1275.0722238337032,1590.2164002446257,50.83,-5.68542147,320.0,-3.70214486
14:16:01.943000,1282.0775042117164,1578.9902460096027,50.569,-6.527335,318.0,-5.8782835
14:16:03.475000,1297.6447939419706,1548.6013462981716,48.796,-5.039094,303.0,-5.62289429
14:16:04.127000,1302.0925910076564,1535.2598781296297,48.549,-2.69072914,302.0,37.6793
14:16:05.196000,1310.699078330307,1524.8581966423383,47.518,-4.25683165,322.0,35.9066963
14:16:06.250000,1322.9972372174411,1520.3277605095784,47.089,-3.40718079,346.0,31.4372425
14:16:07.314000,1335.7290563176575,1521.285481382769,47.231,-2.54492283,5.0,23.1800175
14:16:08.388000,1347.6825109325282,1526.5237981613545,47.374,-9.07055,19.0,10.4332619
14:16:09.462000,1356.9339288292965,1531.7621149397385,46.163,-16.9784031,21.0,5.082001
14:16:10.522000,1371.355910814261,1539.3905698974102,42.934,-8.381185,21.0,5.03083372
14:16:11.577000,1382.8089882586676,1546.694232559057,43.251,-1.4085933,23.0,34.1991
14:16:12.644000,1395.4963293891822,1561.3098858880414,45.194,3.708028,44.0,20.20086
14:16:14.507000,1407.7277713196413,1589.5834716679483,50.449,8.467878,58.0,4.60669041
14:16:14.683000,1407.7277713196413,1589.5834716679483,50.449,8.467878,58.0,4.60669041
14:16:16.652000,1414.399466919231,1623.578398655879,58.006,3.807692,71.0,19.0964031
14:16:17.723000,1413.2875176519253,1638.119099907953,60.696,4.51657,79.0,16.376667
14:16:18.802000,1409.5291291321812,1658.1063181211355,63.077,-4.300119,83.0,27.7645626
14:16:18.883000,1409.5291291321812,1658.1063181211355,63.077,-4.300119,83.0,27.7645626
14:16:19.027000,1401.901157164194,1677.9019921565066,65.063,1.73765469,101.0,13.7986593
14:16:20.988000,1384.0877299151846,1710.3062696727065,66.583,-2.75867271,98.0,29.4400139
14:16:22.063000,1376.59319185984,1720.7912312210747,65.846,-8.809447,122.0,27.489996
14:16:24.008000,1350.5735790246938,1739.212783995554,67.971,5.25427055,131.0,27.0591125
14:16:24.980000,1334.0277739404837,1745.2505894922851,69.16,-1.77569377,148.0,22.9028912
14:16:25.055000,1315.7918059701105,1747.4741675165953,70.523,6.69071436,163.0,27.3712368
14:16:26.112000,1297.9783787218087,1745.2505894922851,72.146,-5.12987328,184.0,8.894563
14:16:27.186000,1284.824018899521,1742.7105471802479,71.737,-2.267103,180.0,-3.75445414
14:16:28.138000,1267.010591651219,1740.5535932161358,73.245,10.0131893,176.0,-7.415136
14:16:29.186000,1255.1349734854489,1739.212783995554,74.896,5.512322,164.0,9.747904
14:16:30.239000,1237.321546237147,1735.556788666376,75.046,5.705381,182.0,31.2999916
14:16:31.379000,1224.5897271362235,1728.7361504561961,74.914,4.386685,213.0,36.48872
14:16:32.391000,1213.9928506269705,1716.402371224317,75.143,-6.025459,243.0,30.07622
14:16:32.539000,1207.1988406085782,1700.5791568138288,73.295,-10.4785795,259.0,13.660676
14:16:33.604000,1205.0861370031732,1691.884716893823,72.766,1.84183908,266.0,30.0177727
14:16:34.670000,1203.8073953466558,1670.5983295028218,73.091,-9.563843,287.0,28.1408176
14:16:35.639000,1208.0550415444388,1655.0249553134925,72.851,-1.285429,308.0,19.8584
14:16:36.312000,1215.3605482250136,1642.2831037026497,73.692,-12.4035845,312.0,11.3499136
14:16:37.383000,1223.7446456942027,1630.249132736349,72.809,-13.9812918,316.0,5.816964
14:16:38.449000,1227.981172398853,1624.2113272329195,72.226,-6.763669,325.0,32.44357
14:16:39.423000,1245.3831784189238,1612.1440442342055,71.377,-7.37705755,343.0,13.1468639
14:16:40.496000,1254.7124327647925,1609.2792096229357,73.158,3.6328187,349.0,5.1156373
14:16:41.566000,1267.6221637480605,1606.4726710645507,74.464,-4.74848747,352.0,-5.912417
14:16:42.636000,1280.5874921948707,1602.9249398304776,75.953,-1.26755977,339.0,10.34003
14:16:43.704000,1290.339287261396,1600.6430657500928,76.614,-6.522863,352.0,21.65659
14:16:44.663000,1303.4936470829764,1601.9755469647587,77.993,-1.6508981,8.0,35.0411148
14:16:45.735000,1312.4003607074808,1607.0556315961408,79.173,-1.21732044,27.0,8.014945
14:16:46.795000,1323.853438151887,1617.8570574411992,82.053,-10.3452711,30.0,-5.14033651
14:16:48.468000,1346.3259328269105,1638.119099907953,78.821,-16.7749557,30.0,35.77229
14:16:48.700000,1355.4661557965944,1649.7783105331812,74.105,-24.9141769,38.0,26.8871651
14:16:49.773000,1366.58564846187,1667.7334948923467,68.405,-27.1907139,45.0,17.1829624
14:16:50.740000,1366.58564846187,1667.7334948923467,68.405,-25.714325,45.0,18.8631973
14:16:51.814000,1366.58564846187,1667.7334948923467,68.405,-25.714325,45.0,18.8631973
14:16:52.777000,1366.58564846187,1667.7334948923467,68.405,-25.714325,45.0,18.8631973
14:16:53.855000,1366.58564846187,1667.7334948923467,68.405,-23.7991428,45.0,9.059416
14:16:54.921000,1387.0566344564506,1737.2223901831624,65.77,-1.87601519,54.0,31.4604244
14:16:55.890000,1355.2437659438406,1776.0642175428177,78.366,10.0746183,149.0,52.2128639
14:16:57.841000,1319.605791954104,1769.7016197515898,77.027,-4.62352753,203.0,28.6374035
14:16:58.909000,1302.6374461485302,1756.052015325772,76.31,3.97739577,220.0,33.0342751
14:16:59.969000,1290.339287261396,1738.8879916993958,76.476,-0.486046076,243.0,35.8123779
14:17:01.919000,1283.1894534776075,1702.2447583305686,76.143,-5.41391945,278.0,16.3586063
14:17:02.944000,1284.824018899521,1681.716219631344,77.491,-5.452405,284.0,5.40799952
14:17:03.963000,1287.3703827201302,1667.1005663160547,78.455,-9.440939,282.0,13.1596584
14:17:04.290000,1297.6447939419706,1631.19852560133,77.625,-17.4968452,297.0,0.570053
14:17:06.227000,1305.1838099684321,1598.9774642314774,76.804,-11.2804565,296.0,1.68332684
14:17:07.293000,1309.0089154455584,1582.3214490467935,77.799,3.51101041,294.0,16.3814316
14:17:09.835000,1319.605791954104,1561.9428144648546,83.142,9.87297249,336.0,37.96803
14:17:10.806000,1329.8913226690775,1556.8627298322544,84.879,-4.222685,359.0,21.7226124
14:17:11.875000,1338.2754201382666,1555.9133369667322,84.53,-10.44904,358.0,22.27816
14:17:12.934000,1350.1510383033296,1558.1702270245878,83.397,-14.3045464,13.0,29.41941
14:17:14.010000,1363.2498006620751,1564.8326330999369,81.058,-8.833745,28.0,16.999464
14:17:14.080000,1374.7473560768908,1574.826242212862,80.48,-14.0094681,41.0,16.6837368
14:17:15.141000,1384.3768367246134,1587.043429352205,78.299,-14.7933168,45.0,14.8487053
14:17:16.190000,1392.1604815900944,1600.0684332264168,75.436,-12.2314463,53.0,13.04899
14:17:17.268000,1397.7202279216713,1613.967877896659,73.999,-5.333623,59.0,11.5070572
14:17:17.388000,1399.3547933435848,1620.6302839686302,73.926,0.6098,72.0,21.439764
14:17:18.441000,1398.8321771882695,1634.3798245006021,75.129,9.085878,84.0,11.5768461
14:17:19.480000,1395.1071471458017,1645.8141789202793,77.078,-0.998630762,90.0,2.44084072
14:17:20.537000,1391.048532323496,1656.9320690515415,77.7,-2.26518965,90.0,4.593303
14:17:21.570000,1387.0566344564506,1668.3747514771037,78.534,-6.74697542,94.0,-2.27811313
14:17:22.585000,1382.3864475373036,1680.5919386069481,80.107,-6.36925125,94.0,-2.619078
14:17:23.639000,1380.2626244387657,1686.4215439177126,80.821,-12.4641542,92.0,-0.939391136
14:17:24.698000,1373.9022746348703,1704.7431606058997,79.676,-10.9723539,95.0,15.97496
14:17:25.755000,1367.9644655523387,1715.386354299158,80.652,-1.89283025,105.0,7.28195047
14:17:26.829000,1358.8020035963893,1728.061581841609,82.136,-3.4772346,103.0,25.76573
14:17:27.886000,1350.5735790246938,1736.9892059710887,81.71,-5.033169,121.0,27.22662
14:17:28.049000,1336.1515970390215,1745.8918460766329,81.496,-8.486781,138.0,29.6945343
14:17:29.160000,1318.3381697907196,1751.9213235656214,79.733,-9.211955,149.0,18.0406551
14:17:29.289000,1298.7567432078617,1754.7112061058951,81.179,0.7216175,159.0,20.1986542
14:17:30.265000,1279.853605679227,1754.7112061058951,81.476,-12.125371,167.0,18.8207169
14:17:31.126000,1264.886768551974,1752.5625801494034,81.099,-5.45860624,184.0,6.912874
14:17:32.190000,1245.8057191395803,1748.4318883891315,82.557,-0.275094837,186.0,0.5965392
14:17:33.261000,1233.1517364884644,1745.5503977651567,84.125,2.0361464,185.0,4.8287344
14:17:34.335000,1216.1055542337901,1741.1198977317586,85.381,-15.1694355,186.0,6.435663
14:17:35.399000,1203.1291062945543,1737.2223901831624,83.351,-11.1638288,189.0,1.2390461
14:17:36.466000,1184.7152264418366,1731.90912134502,82.401,-0.5843134,184.0,17.0387
14:17:37.524000,1171.5719861119746,1726.1877801353444,83.126,-2.96430874,194.0,31.0598488
14:17:39.482000,1142.3054814192662,1696.6483372332373,80.716,-3.50717378,245.0,31.0554428
14:17:40.458000,1137.2127537794627,1676.6278069960856,79.458,-4.125943,272.0,38.95548
14:17:41.532000,1139.7479981062318,1662.2703219151704,78.591,-6.045193,298.0,28.9880466
14:17:42.600000,1146.4196937051142,1648.3542212353882,77.444,-6.016986,307.0,25.79675
14:17:43.730000,1156.4272371030843,1637.2862991494205,75.065,-14.5940313,327.0,15.0677471
14:17:43.842000,1164.7890955874227,1630.249132736349,73.3,-11.8671217,338.0,-11.6764765
14:17:44.899000,1176.6647137524856,1619.1312426027448,72.285,-9.604424,324.0,-21.8357086
14:17:45.862000,1187.5618165635929,1605.1485178573437,71.001,-18.9341354,311.0,-0.293255776
14:17:46.930000,1198.6813092281611,1590.2164002446257,70.868,-7.65717459,314.0,-6.69972
14:17:47.987000,1205.9312184451937,1578.7820458194774,71.695,-8.486188,310.0,2.24687314
14:17:49.047000,1214.2485989584154,1565.440577654488,73.34,2.092082,315.0,0.368613243
14:17:49.101000,1221.198281873594,1553.6897589385023,76.014,9.302155,315.0,-0.515323043
14:17:50.175000,1224.5897271362235,1547.343817151302,77.585,9.897766,316.0,24.12302
14:17:51.242000,1230.1049954980983,1540.023498474857,78.382,2.85115862,346.0,29.9573746
14:17:52.305000,1236.899005515783,1537.1669918694358,77.689,-14.9092379,2.0,28.7883759
14:17:53.868000,1245.3831784189238,1538.1830087965448,74.382,-15.3200083,17.0,10.9529848
14:17:54.835000,1253.433691108275,1540.9812193479083,73.822,-11.2783289,23.0,-4.90695238
14:17:55.977000,1263.6191463885896,1544.4706545312035,72.203,-12.8047447,17.0,-4.71774769
14:17:56.119000,1274.6496831123395,1547.6519534325907,71.461,-1.00512993,12.0,10.4851875
14:17:57.718000,1290.9730983430882,1555.2720803814148,72.159,-5.19342661,29.0,-2.61356854
14:17:58.751000,1300.091082327921,1560.0440287333465,71.551,-12.2923756,22.0,-7.415911
14:17:59.811000,1307.3076330676772,1562.9005353388084,69.627,-10.9448891,19.0,-11.6001091
14:18:00.788000,1319.18325123274,1565.1241133663545,68.61,-6.1720767,7.0,7.534828
14:18:01.645000,1330.21378795649,1568.1638361380158,68.643,-1.16930723,11.0,33.17962
14:18:02.710000,1338.786916800449,1576.874932080796,68.685,-2.47434783,40.0,32.0192871
14:18:03.767000,1341.0108153329384,1586.4854528432963,69.9,3.02006173,69.0,33.0217438
14:18:04.817000,1336.5630182672526,1599.8102649913176,72.984,11.3696384,98.0,46.1152763
14:18:05.872000,1324.698519594615,1609.5956739109624,75.276,6.644245,130.0,48.1217575
14:18:06.937000,1306.8850923463133,1611.1863233611423,76.629,5.65077925,171.0,25.6033573
14:18:08.008000,1293.730732524733,1607.305471823813,78.054,15.8923855,193.0,23.9444828
14:18:08.071000,1280.1649514735068,1598.9774642314774,80.833,18.62796,221.0,25.528223
14:18:09.140000,1272.9484007344581,1591.1741211178437,82.88,16.939661,240.0,37.1011047
14:18:10.087000,1267.6221637480605,1578.7820458194774,84.137,4.51200771,279.0,38.41506
14:18:11.171000,1268.2782138153111,1565.6654338594642,83.598,-6.237532,301.0,33.7750626
14:18:11.313000,1272.5258600130942,1557.337426265013,82.822,0.467831522,324.0,29.9617748
14:18:12.270000,1283.1894534776075,1549.8422194296672,84.162,1.72764325,343.0,25.1833
14:18:13.239000,1295.8545556225636,1547.343817151302,86.452,-6.274952,358.0,32.96754
14:18:14.416000,1309.431456166215,1549.8422194296672,87.265,0.349183947,15.0,37.76157
14:18:15.480000,1318.3381697907196,1556.5046255059628,87.783,-10.3704414,32.0,26.4924355
14:18:16.535000,1328.5125055786086,1568.9966368969922,87.188,-10.6694975,45.0,-6.06139469
14:18:17.686000,1336.5630182672526,1578.4655815308463,86.107,-9.137576,43.0,-0.253644079
14:18:18.739000,1348.7944601984193,1591.1741211178437,85.524,-10.7499495,31.0,45.63299
14:18:19.680000,1354.8101057300512,1598.144663472691,83.198,-18.2190533,38.0,57.8477821
14:18:21.367000,1362.1378513961843,1643.1159044616784,79.988,-0.2743068,86.0,20.8898945
14:18:22.326000,1357.356469549953,1660.4298322380637,80.87,-8.29631,90.0,-4.385726
14:18:24.471000,1350.5735790246938,1688.9199461933674,83.293,-0.955613256,90.0,23.2178764
14:18:25.631000,1336.996678481749,1716.6605394597052,83.761,6.135636,102.0,-12.9337149
14:18:27.213000,1328.5125055786086,1747.2159992823333,91.482,4.73561525,92.0,7.656292
14:18:29.986000,1312.8229014288447,1776.0642175428177,94.117,-3.02770448,115.0,26.6886139
14:18:30.894000,1306.0400109042928,1781.7855587500803,94.489,-0.383400828,128.0,32.67694
14:18:31.695000,1288.7491998098915,1790.5216387005248,95.919,4.809914,149.0,23.6343918
14:18:32.737000,1268.2782138153111,1794.1776340274635,98.868,-0.0832954347,157.0,36.4800262
14:18:33.576000,1246.495127685522,1794.4940983155393,99.087,-7.07208967,174.0,18.1864815
14:18:35.496000,1201.6835722474107,1787.1904356689672,101.656,1.65066147,179.0,40.181366
14:18:36.490000,1190.664155017501,1783.3762081974905,101.66,3.84968066,205.0,32.07669
14:18:37.545000,1171.5719861119746,1770.0347400545352,103.223,4.20164728,218.0,39.64952
14:18:38.399000,1157.1500041270097,1752.2128038310736,103.939,-3.13363934,236.0,54.7791023
14:18:38.502000,1148.6435922383107,1728.7361504561961,101.894,-1.69198942,267.0,27.1776524
14:18:39.622000,1148.6435922383107,1707.4497630710935,101.976,-2.49609017,277.0,41.1975555
14:18:40.186000,1151.6347357644274,1692.2511492276715,100.035,-10.37395,293.0,46.45601
14:18:43.071000,1174.5408906532402,1660.4298322380637,92.862,-18.28697,324.0,8.575759
14:18:43.080000,1185.5714273762828,1650.6111112916306,90.062,-10.8800993,328.0,0.834745765
14:18:45.053000,1199.7932584947591,1637.2862991494205,87.09,-26.19462,324.0,4.592599
14:18:45.085000,1211.4464868070688,1627.709090420878,82.25,-17.7087536,326.0,13.077198
14:18:46.128000,1228.4148326133497,1616.9076645761197,80.481,-13.1775808,332.0,6.803774
14:18:47.233000,1244.5269774837705,1607.0556315961408,81.16,-4.30277824,331.0,5.145932
14:18:48.226000,1258.9489594694428,1598.7942480646823,80.29,-5.82352257,337.0,17.7973118
14:18:49.340000,1271.680778570366,1595.3048128838814,80.123,-7.30796671,351.0,-0.5315312
14:18:50.224000,1283.1894534776075,1592.7647705682498,79.716,-3.32010436,350.0,1.05272377
14:18:51.329000,1297.1221777866554,1588.9838551209223,79.301,-6.34473848,353.0,0.598934352
14:18:52.374000,1307.3076330676772,1586.4854528432963,78.417,-8.348577,353.0,1.11949623
14:18:53.461000,1317.0594281342023,1583.9870505650927,76.84,-10.3377333,356.0,1.80403221
14:18:53.580000,1327.2448834145168,1581.3220881359102,75.095,-10.3840761,355.0,-0.140737832
14:18:54.651000,1341.0108153329384,1578.1574452501588,74.087,-11.1193542,352.0,1.82350934
14:18:55.724000,1350.5735790246938,1575.925539214888,73.38,-11.99093,352.0,0.352489561
14:18:56.792000,1361.0259021288784,1573.3854968994103,72.009,-13.2494011,351.0,1.82284987
14:18:57.864000,1371.778451535625,1571.161918871473,70.407,-14.93126,352.0,2.814002
14:18:58.434000,1386.2004335220047,1567.9806199706477,67.488,-14.8858747,356.0,3.58404279
14:18:59.369000,1397.230970245047,1566.0735062318113,65.727,-15.0226307,357.0,0.508838534
14:19:02.415000,1433.3026044478654,1567.3310353785039,59.327,-11.583827,24.0,34.9902
14:19:03.389000,1441.7756578585806,1576.4918437312565,56.802,-9.664099,43.0,38.11094
14:19:04.508000,1446.0121845639383,1589.8166558802968,54.264,-8.873547,64.0,33.1149
14:19:05.578000,1444.7445623998465,1604.1991249916414,52.625,-9.974575,87.0,25.53736
14:19:06.731000,1441.7756578585806,1613.409901387866,52.353,-8.662035,103.0,9.380401
14:19:07.713000,1432.8578247416503,1629.7910923186787,52.336,-7.354203,109.0,2.728707
14:19:07.777000,1424.4070103172012,1642.9576723177074,53.068,-8.522742,109.0,-0.87965107
14:19:08.822000,1415.0443974933487,1657.8897899242595,51.985,-10.4785776,106.0,-4.41855145
14:19:09.754000,1409.5291291321812,1667.7334948923467,51.033,-9.510879,104.0,-7.38342667
14:19:10.782000,1403.5913200489422,1680.1255701825837,49.777,-8.215951,98.0,-6.292051
14:19:11.830000,1399.3547933435848,1689.977603156842,48.814,-7.88117838,95.0,-6.3530407
14:19:12.855000,1395.4963293891822,1700.1377724112294,47.742,-5.339615,93.0,35.99361
14:19:13.889000,1386.6007352578101,1711.4055666740824,45.761,-6.71368933,121.0,39.1261826
14:19:15.006000,1366.2631831744575,1719.200581772824,44.607,-4.16364574,152.0,35.50353
14:19:15.056000,1350.1510383033296,1717.6099323240228,45.664,-3.54287434,180.0,22.3267555
14:19:16.079000,1334.0277739404837,1712.846311985429,46.407,-4.313921,189.0,11.7517233
14:19:17.130000,1319.8837792711074,1707.4497630710935,46.428,-5.489738,194.0,4.130752
14:19:18.163000,1302.6374461485302,1699.7463560546557,46.964,-5.19332933,202.0,1.26733065
14:19:19.232000,1289.8611490771973,1694.4247592074594,47.371,-5.611586,202.0,-4.2656765
14:19:20.299000,1275.9173052757237,1688.3869537076587,47.651,-5.41332436,197.0,-4.34433174
14:19:21.424000,1256.8251363701975,1680.1255701825837,47.869,-3.241386,200.0,43.9648476
14:19:21.534000,1243.1592798864344,1665.1934525781614,47.338,-3.4755125,229.0,44.75475
14:19:22.701000,1238.7114828200415,1644.5483217669405,47.067,-2.45831418,274.0,38.77652
14:19:23.751000,1240.7129914997768,1631.839782185743,47.441,-3.72891021,289.0,25.8855648
14:19:24.908000,1250.0422458456453,1612.3022763782153,47.61,-5.465131,306.0,15.1120157
14:19:26.826000,1265.7429694878347,1589.8166558802968,47.173,-3.69319344,320.0,-1.88857543
14:19:27.674000,1272.5258600130942,1579.8230467685112,47.403,-3.39040112,316.0,-2.84662437
14:19:28.717000,1280.9655549451181,1566.0735062318113,48.036,-4.52490664,310.0,-6.146562
14:19:29.814000,1286.9478419987663,1555.6718247458484,49.546,-3.70985556,306.0,-5.92819357
14:19:30.862000,1291.6180289179133,1545.428375404753,51.036,-5.489967,308.0,-5.00783968
14:19:31.805000,1297.6447939419706,1531.5206027193403,51.873,-8.020421,310.0,25.6284447
14:19:33.847000,1313.2120836715176,1515.2476758754103,49.692,-6.467292,343.0,33.54427
14:19:36.432000,1348.7944601984193,1524.0253958825579,48.089,-5.58944845,27.0,5.81906462
14:19:36.612000,1357.6900543304982,1531.1291863622528,48.254,-5.20386457,31.0,-0.853546441
14:19:37.505000,1366.58564846187,1537.3502080363162,48.533,-4.982685,30.0,-2.68743181
14:19:38.593000,1375.1698967982547,1543.1798133535697,48.824,-5.11106062,31.0,-3.98705626
14:19:39.657000,1385.7778928006405,1549.5590671716916,49.152,-4.74062157,27.0,-4.493706
14:19:41.229000,1402.7462386062145,1557.4956584090887,49.804,-4.936504,23.0,-3.763635
14:19:42.293000,1412.498033673447,1561.3098858880414,49.656,-4.7644763,21.0,29.5678616
14:19:43.366000,1421.4158667896697,1566.4982346195166,48.748,-5.903493,29.0,33.13129
14:19:47.451000,1426.0749342163913,1616.9076645761197,47.047,-3.22018647,95.0,6.43758726
14:19:48.605000,1420.5596658552236,1631.4566938368957,47.458,-3.45649481,97.0,1.99262547
14:19:49.744000,1414.399466919231,1646.447107497739,47.93,-3.89582467,95.0,-2.68460035
14:19:50.749000,1408.8397205862395,1661.437521156798,48.483,-3.90775776,95.0,-3.94667149
14:19:50.887000,1403.2799742539553,1676.6278069960856,49.249,-4.199546,93.0,-5.745371
14:19:51.963000,1398.8321771882695,1691.4183484695013,50.617,-4.801716,94.0,-3.237815
14:19:52.033000,1398.8321771882695,1691.4183484695013,50.617,-4.801716,94.0,-3.237815
14:19:54.014000,1388.3242566205424,1713.9039689486956,49.63,-4.46657848,128.0,43.3904572
14:19:54.277000,1369.2320877157233,1724.2889944063063,49.416,-2.55136633,148.0,42.19701
14:19:55.430000,1348.0272152040843,1725.5631795667591,49.364,-2.140409,175.0,32.82343
14:19:56.581000,1332.3376110557351,1721.74062408589,49.583,-2.9556284,188.0,22.285059
14:19:59.347000,1275.4058086135412,1695.3741520724807,52.568,-5.664193,202.0,-4.22077036
14:19:59.511000,1275.4058086135412,1695.3741520724807,52.568,-5.664193,202.0,-4.22077036
14:20:01.449000,1245.8057191395803,1675.994878419309,51.211,-7.41964054,230.0,45.1274757
14:20:02.508000,1237.321546237147,1653.4426338718008,49.617,-4.18368053,255.0,42.76358
14:20:03.577000,1238.1666276791677,1636.4534983903536,48.976,-3.04351878,286.0,33.04703
14:20:04.646000,1243.1592798864344,1621.9877492063827,48.523,-2.79793882,302.0,23.1798687
14:20:04.724000,1243.1592798864344,1621.9877492063827,48.523,-2.79793882,302.0,23.1798687
14:20:05.858000,1253.433691108275,1606.4726710645507,50.258,-2.64108419,314.0,6.93746328
14:20:06.838000,1269.846062281257,1583.9870505650927,50.623,-6.18665552,319.0,-4.088263
14:20:07.878000,1278.041128374969,1571.7948474487691,50.917,-4.413693,314.0,-8.493533
14:20:08.745000,1286.9478419987663,1554.8390239867874,52.762,-5.57173538,307.0,-5.428873
14:20:09.817000,1292.4631103599338,1542.5635407915008,53.527,-6.882036,307.0,-4.359975
14:20:10.780000,1299.2460008859005,1526.5237981613545,53.133,-4.82993841,304.0,41.8991661
14:20:11.836000,1306.8850923463133,1517.7877181919882,51.94,-7.854412,333.0,36.6604729
14:20:12.886000,1315.7918059701105,1513.6570264240806,50.87,-5.34724569,346.0,34.09213
14:20:13.927000,1328.779373402479,1513.1989860065355,49.099,-4.49858046,7.0,26.3787651
14:20:14.885000,1339.5430423016512,1516.8383253261911,48.173,-3.88572955,22.0,18.3909664
14:20:15.052000,1349.3059568613091,1523.192595122772,48.002,-3.70325351,30.0,8.596573
14:20:16.213000,1358.2126704851064,1530.179793496549,47.928,-3.18808842,33.0,1.40025544
14:20:17.775000,1368.8095469943594,1538.4411770317645,47.446,-3.85634112,32.0,-4.080044
14:20:18.842000,1377.2937198974998,1544.0126141132328,47.426,-3.79912019,30.0,-4.7933445
14:20:19.858000,1385.7778928006405,1549.5590671716916,47.79,-3.3494935,27.0,-3.37838864
14:20:20.976000,1393.8395249824173,1554.0062232271923,47.951,-3.78444648,21.0,-5.54609251
14:20:21.996000,1405.2926024261162,1559.0030277841565,48.21,-4.85357,22.0,-6.14411449
14:20:21.108000,1411.0636191194362,1561.5014300623036,48.262,-3.20075631,17.0,27.7221165
14:20:23.074000,1422.6834889537615,1568.1638361380158,47.544,-3.40494633,38.0,32.6331
14:20:23.152000,1430.3225804141744,1582.9127375853766,46.724,-1.85168993,58.0,31.29978
14:20:24.216000,1431.0787059153763,1593.7141634335062,47.121,-0.7276732,71.0,23.6520424
14:20:25.280000,1428.621298036293,1609.2792096229357,47.95,-1.21053171,84.0,12.6888409
14:20:26.327000,1424.4070103172012,1621.0383563408045,48.593,-1.77074385,89.0,5.86716032
14:20:27.406000,1419.7145844124957,1634.3798245006021,49.048,-3.67323565,93.0,2.88016963
14:20:28.372000,1411.0636191194362,1655.0249553134925,49.456,-3.85980916,95.0,-2.27572846
14:20:29.444000,1406.137683868844,1669.3241443417953,49.73,-4.32819462,93.0,-4.445417
14:20:30.498000,1401.056075721466,1683.6233333684531,50.098,-3.9624002,92.0,-4.65195751
14:20:31.646000,1397.230970245047,1696.6483372332373,50.52,-3.84627342,93.0,14.4371481
14:20:32.606000,1391.715701883172,1709.3568768078017,50.386,-5.10894728,106.0,41.768074
14:20:33.756000,1379.9290396589276,1720.566375016374,50.045,-4.680278,140.0,42.05898
14:20:34.719000,1357.356469549953,1725.8713158470848,50.201,-2.85360265,162.0,38.8440666
14:20:36.532000,1325.966141758707,1717.6099323240228,51.445,-3.60942531,198.0,11.4172611
14:20:36.839000,1312.1001344056265,1710.9391982493055,51.975,-4.19052839,206.0,5.881602
14:20:37.813000,1297.6447939419706,1703.6355355970575,52.183,-6.48897362,205.0,-1.16558111
14:20:38.870000,1276.5177578794323,1693.4670383355538,52.182,-6.3805337,208.0,-4.035993
14:20:39.911000,1260.2277011259598,1685.2056548097605,51.465,-3.32819676,207.0,44.46803
14:20:40.959000,1246.495127685522,1672.2639310204972,50.018,-5.111262,241.0,43.82157
14:20:42.004000,1242.0473306198364,1656.6156047631034,50.046,-1.776577,263.0,41.9205666
14:20:42.966000,1244.5269774837705,1636.2869382384335,50.738,-3.40303278,291.0,26.0021553
14:20:43.821000,1250.4647865670092,1621.9877492063827,51.517,-4.46402454,305.0,16.30921
14:20:44.993000,1258.103878027422,1609.5956739109624,51.91,-5.2603054,310.0,3.22789359
14:20:45.045000,1267.8556730939472,1594.3470920106934,51.6,-4.815983,313.0,-1.36891985
14:20:47.004000,1275.0722238337032,1582.9127375853766,51.476,-4.4683156,313.0,-2.87842345
14:20:47.037000,1281.4325736368914,1571.7948474487691,51.094,-5.4128747,310.0,-4.66279936
14:20:48.098000,1289.071665097304,1556.8627298322544,50.325,-5.64830351,311.0,-6.293973
14:20:49.192000,1293.730732524733,1545.6782156325426,49.907,-5.59347343,306.0,-6.009686
14:20:51.753000,1304.3164895408531,1524.4584522778136,48.789,-4.26811266,319.0,37.58644
14:20:51.864000,1317.9156290693559,1517.1547896149673,47.655,-3.14317513,347.0,32.36533
14:20:52.882000,1329.8913226690775,1517.3629898051884,47.587,-3.19875121,12.0,23.5868587
14:20:53.955000,1340.3881237436717,1522.3597943629813,48.578,-2.698846,21.0,13.9297781
14:20:55.017000,1349.9064094650173,1527.9562154684236,49.329,-3.06972027,26.0,3.42868447
14:20:55.090000,1359.4802926491982,1534.3104852639547,49.133,-4.07356262,28.0,-0.8541942
14:20:57.050000,1367.1193841096108,1539.3905698974102,48.715,-3.92945385,30.0,-1.5909059
14:20:57.119000,1378.572461554017,1546.061303981642,48.353,-3.572649,27.0,-4.5031414
14:20:58.082000,1387.712684523701,1551.1413886146531,47.938,-4.19152832,26.0,-4.762478
14:20:59.559000,1398.5097119015643,1556.229801254887,47.822,-3.26132083,21.0,-3.86122847
14:21:02.780000,1428.621298036293,1575.925539214888,48.162,-2.01426029,46.0,33.64267
14:21:03.809000,1432.1906551819748,1587.676357928895,48.512,-1.94522953,64.0,29.5101986
14:21:04.860000,1432.1906551819748,1600.3848975144656,49.111,-2.83072472,84.0,21.08248
14:21:05.911000,1428.1987573156364,1616.4662801737552,50.293,-2.788544,88.0,8.802062
14:21:06.960000,1422.1831117840045,1631.839782185743,51.485,-4.396101,96.0,1.652909
14:21:07.972000,1416.3231391491588,1646.1306432092742,52.306,-4.940778,93.0,-3.23511219
14:21:08.091000,1409.9516698535454,1660.4298322380637,52.397,-5.785728,93.0,-5.332522
14:21:08.262000,1404.013860769599,1675.0454855546682,52.274,-6.195188,92.0,-4.625692
14:21:09.204000,1400.1998747863124,1685.588743159503,51.941,-5.955722,89.0,-5.35968447
14:21:10.270000,1395.4963293891822,1699.7463560546557,51.366,-4.721958,89.0,37.7703629
14:21:11.331000,1389.1693380632703,1711.580454832777,50.005,-6.81410074,110.0,43.9703979
14:21:12.367000,1376.026097733408,1721.3991757743447,48.883,-4.643162,139.0,44.79957
14:21:13.445000,1355.4661557965944,1725.8713158470848,48.565,-5.409677,172.0,39.6713524
14:21:16.008000,1310.9881851390285,1711.580454832777,52.705,-3.40865231,204.0,7.89673328
14:21:16.081000,1295.4208954094813,1703.9103598478146,53.802,-5.799038,206.0,0.3421607
14:21:17.042000,1280.9655549451181,1696.6483372332373,54.52,-6.44935846,206.0,-2.75992966
14:21:18.094000,1267.010591651219,1689.977603156842,54.644,-8.312546,205.0,11.2598982
14:21:19.148000,1250.0422458456453,1678.0935363311248,53.706,-9.376941,228.0,44.1648331
14:21:20.286000,1242.4031543852325,1665.1934525781614,52.862,-6.258294,253.0,42.718235
14:21:21.307000,1240.7129914997768,1648.3542212353882,52.441,-5.242729,278.0,33.4811935
14:21:21.447000,1244.2712291523255,1633.4221036277054,52.289,-6.15163374,298.0,24.4667988
14:21:22.397000,1253.433691108275,1616.4662801737552,51.904,-7.211585,311.0,10.746069
14:21:23.458000,1260.6502418473235,1606.1062387299226,51.289,-6.87980366,319.0,2.17399335
14:21:24.413000,1268.7341130139514,1595.9377414605308,51.14,-6.446408,320.0,-3.159746
14:21:25.386000,1275.0722238337032,1586.726965063594,50.96,-6.429529,321.0,-4.18678236
14:21:27.149000,1289.071665097304,1562.3342308218523,50.268,-7.03683567,309.0,-7.48384666
14:21:28.221000,1294.586933459179,1549.5590671716916,49.992,-6.50476074,307.0,-6.09169054
14:21:29.690000,1300.091082327921,1535.684606517433,49.502,-5.37029,304.0,27.2768669
14:21:31.643000,1321.729615052642,1517.7877181919882,47.69,-4.91069365,350.0,33.9039268
14:21:34.581000,1354.354206530703,1527.35659892165,48.766,-2.74568582,26.0,7.295925
14:21:34.763000,1354.354206530703,1527.35659892165,48.766,-2.74568582,26.0,7.295925
14:21:35.900000,1365.8406424530936,1534.3104852639547,49.738,-4.440972,30.0,0.982269466
14:21:36.922000,1374.3692933266434,1539.848610315397,50.086,-6.400089,29.0,-1.03335464
14:21:41.455000,1428.621298036293,1575.659042972327,47.141,-4.625423,53.0,32.0872459
14:21:42.630000,1431.0787059153763,1587.043429352205,46.946,-2.53477645,64.0,27.1441841
14:21:43.690000,1429.9667566494852,1601.9755469647587,47.146,-2.45737362,83.0,17.44084
14:21:44.658000,1425.2298527743706,1617.8570574411992,47.555,-2.938424,93.0,7.53849363
14:21:45.831000,1419.2920436904244,1632.7891750507113,47.736,-3.32980871,97.0,0.9016637
14:21:46.955000,1413.2875176519253,1646.771899793082,47.822,-3.26707387,97.0,-1.97485232
14:21:48.519000,1403.2799742539553,1673.454836105293,47.584,-3.294951,93.0,-4.00859642
14:21:49.632000,1399.3547933435848,1685.588743159503,47.475,-3.013436,89.0,-4.11412859
14:21:50.561000,1396.385888802319,1696.415153020556,47.321,-1.33205426,89.0,39.677845
14:21:50.686000,1387.4791751778146,1712.5298476976648,46.09,-2.675766,114.0,44.3234558
14:21:51.749000,1373.2573440600452,1722.0570883736304,45.303,-0.783985,143.0,45.07941
14:21:52.799000,1346.3259328269105,1724.921922982832,45.19,-0.4042441,173.0,33.23652
14:21:53.868000,1326.5554748692825,1719.7335742578682,46.333,1.21260643,195.0,18.19857
14:21:54.920000,1309.8762358731374,1712.5298476976648,47.648,-0.361193,208.0,8.45597649
14:21:55.993000,1295.4208954094813,1705.2261850460422,49.365,-0.552569032,213.0,0.6436085
14:21:56.957000,1276.5177578794323,1695.5823522618844,51.031,-3.19014454,210.0,-4.123241
14:21:58.115000,1247.6070769521205,1676.6278069960856,50.844,-3.9378953,233.0,44.850502
14:21:59.272000,1238.7114828200415,1653.7590981602468,50.121,-3.21371913,263.0,40.9916878
14:22:00.346000,1240.9353813525308,1637.2862991494205,50.314,-2.753531,287.0,29.8089333
14:22:01.425000,1246.495127685522,1624.2113272329195,50.88,-2.27035069,305.0,18.03911
14:22:02.465000,1253.433691108275,1613.726365676412,51.05,-2.40234613,317.0,9.284376
14:22:03.490000,1260.2277011259598,1604.5155892807395,51.036,-3.27015185,321.0,2.292473
14:22:04.579000,1269.556955471121,1592.1235139831115,50.559,-3.66567874,321.0,-4.159369
14:22:04.693000,1277.6297071460306,1581.3220881359102,49.846,-3.66545343,318.0,-6.295189
14:22:05.749000,1285.4133520115113,1569.5712694213353,49.831,-3.02131557,316.0,-8.195587
14:22:06.812000,1293.730732524733,1552.732038065012,49.951,-3.55320072,310.0,-8.216794
14:22:07.854000,1298.7567432078617,1540.023498474857,50.26,-3.60458279,307.0,-6.252544
14:22:08.902000,1303.9161878050475,1528.1893996808803,50.13,-0.4711724,310.0,40.3841934
14:22:09.132000,1316.5479314713125,1518.4206467700653,49.34,-1.793612,335.0,35.9923668
14:22:10.155000,1327.6674241365881,1516.530189045362,49.231,-2.14032745,0.0,31.17163
14:22:11.192000,1339.1205015802873,1518.4206467700653,49.599,-2.348851,16.0,22.1127567
14:22:12.230000,1350.1510383033296,1523.192595122772,50.05,-2.81826138,25.0,11.6486073
14:22:13.166000,1360.7479148125826,1529.5385369111088,50.514,-3.071918,33.0,1.52745044
14:22:14.132000,1373.2573440600452,1538.1830087965448,51.729,-3.467013,32.0,-2.41990519
14:22:16.357000,1391.048532323496,1549.5590671716916,52.524,-6.19941854,28.0,-6.73384666
14:22:18.696000,1412.1755683860347,1560.3604930220215,51.191,-5.25781727,24.0,-5.90666246
14:22:19.781000,1422.6834889537615,1566.4982346195166,50.89,-4.12342548,29.0,34.4971123
14:22:19.790000,1429.9667566494852,1577.5161886654794,50.328,-5.259071,52.0,31.8471165
14:22:20.856000,1431.5902025782661,1584.819851325029,50.449,-3.29713488,71.0,24.925457
14:22:21.859000,1431.0787059153763,1599.4355046492576,50.693,-3.40357447,81.0,19.2888165
14:22:22.925000,1427.7428581155814,1614.3676222609124,50.547,-4.305221,92.0,10.3200922
14:22:23.994000,1421.838407511741,1629.6162041588093,50.333,-4.52546072,95.0,4.24664354
14:22:25.049000,1416.6233654517202,1642.2831037026497,49.994,-4.401368,97.0,-0.4915484
14:22:25.997000,1412.1755683860347,1653.7590981602468,49.746,-4.2403717,97.0,-2.70395613
14:22:26.166000,1406.137683868844,1668.6912157649815,49.408,-4.259371,96.0,-4.246663
14:22:27.219000,1401.4786164428301,1682.0326839197178,49.111,-3.77792883,94.0,-4.30525875
14:22:28.286000,1396.6082786557802,1696.9648015215723,49.041,-3.34686923,93.0,17.1591549
14:22:29.261000,1389.9365830568977,1711.4055666740824,48.258,-2.00529337,110.0,44.6861267
14:22:30.327000,1371.778451535625,1723.6477378223724,46.916,-2.42126465,148.0,43.2060928
14:22:31.396000,1353.9650242880305,1725.8713158470848,46.931,0.327283561,173.0,34.8182678
14:22:32.365000,1336.996678481749,1722.698344958102,47.42,0.256119967,189.0,23.7318974
14:22:33.467000,1316.2143466914745,1714.436961434293,48.2,-0.570718765,201.0,8.476441
14:22:33.598000,1299.8686924751673,1706.1755779104494,48.497,-1.86957192,207.0,1.10372913
14:22:34.644000,1284.3014027449128,1698.0807545378818,48.435,-2.01932526,206.0,-2.53800321
14:22:35.604000,1263.1743666823745,1687.7540251314722,48.1,-1.08844185,209.0,37.38738
14:22:36.479000,1249.1971644029175,1675.994878419309,47.188,-1.01106262,234.0,45.3953552
14:22:37.637000,1242.0473306198364,1660.1133679501647,46.297,-0.09827106,263.0,42.2611046
14:22:38.711000,1242.4031543852325,1638.951900667539,46.349,1.10528255,286.0,29.1732368
14:22:39.785000,1247.9184227464,1625.1690481058854,47.277,1.66242754,307.0,18.2334747
14:22:40.756000,1254.2787725502958,1615.0005508379988,47.987,0.6690598,315.0,9.734774
14:22:41.827000,1260.950468149178,1605.6398703052828,48.544,0.06822729,319.0,2.62246346
14:22:42.796000,1271.680778570366,1592.1235139831115,49.221,-0.866286457,320.0,-4.4461627
14:22:43.857000,1279.853605679227,1580.056230981407,49.689,-1.22538674,318.0,-7.14625645
14:22:44.922000,1286.9478419987663,1567.3310353785039,50.343,-1.83127344,315.0,-7.75794
14:22:45.986000,1293.1969968755775,1554.6391518045698,50.778,-2.66375542,310.0,-8.278511
14:22:46.062000,1298.4009194424652,1542.5635407915008,50.982,-2.8245275,306.0,-7.35985
14:22:47.131000,1303.2045402735475,1530.6878019601304,50.943,-1.39190567,308.0,41.4183235
14:22:48.182000,1310.9881851390285,1521.5269936037146,50.608,-3.34070635,332.0,37.37467
14:22:49.984000,1327.2448834145168,1517.1547896149673,51.388,-2.31674314,2.0,30.2638912
14:22:49.135000,1338.786916800449,1519.3783676432695,51.96,-1.97805762,16.0,20.8447666
14:22:50.193000,1351.4186604667143,1525.6909974015841,51.924,-3.22704339,25.0,9.154442
14:22:51.269000,1359.4802926491982,1530.6878019601304,51.545,-3.49198127,31.0,3.27406955
14:22:52.242000,1367.9644655523387,1536.517407277142,51.301,-3.73746061,32.0,-1.14961267
14:22:53.407000,1378.8170903923294,1543.837725953778,51.131,-3.69838953,31.0,-4.481469
14:22:56.253000,1406.6158220537504,1558.7698435712239,51.016,-4.19282532,21.0,-5.52433062
14:22:57.421000,1418.8472639842098,1563.9998323409334,51.202,-2.93407178,28.0,36.1076126
14:22:58.485000,1428.8548073828867,1572.7442403141774,50.518,-4.54925346,55.0,33.8309441
14:22:58.649000,1428.8548073828867,1572.7442403141774,50.518,-4.54925346,55.0,33.8309441
14:22:59.609000,1433.3026044478654,1587.043429352205,50.611,-1.84903169,70.0,26.5414982
14:23:00.673000,1432.4352840202866,1602.9249398304776,51.416,-1.76434779,88.0,21.0067
14:23:01.742000,1428.1987573156364,1618.131881692145,51.648,-3.71791434,96.0,11.585371
14:23:02.819000,1421.838407511741,1632.4727107627423,52.067,-3.37725854,103.0,3.18707776
14:23:03.936000,1415.0443974933487,1646.447107497739,51.881,-4.78788853,102.0,-1.63582361
14:23:04.941000,1406.137683868844,1668.0999272267968,51.042,-4.74855137,100.0,-3.703258
14:23:05.775000,1400.6224155076766,1682.6656124959334,50.821,-4.114804,98.0,-4.224631
14:23:06.940000,1395.963348080955,1697.2479537792217,50.803,-3.08574343,94.0,35.550808
14:23:08.003000,1387.4791751778146,1711.580454832777,49.899,-4.5189395,112.0,42.18923
14:23:11.818000,1318.3381697907196,1714.7367697077716,49.663,-1.1449188,201.0,10.7567053
14:23:12.888000,1301.3698239851456,1706.8085064870702,50.124,-2.76602435,207.0,2.90579677
14:23:13.941000,1284.3014027449128,1697.9141943860445,50.309,-3.04164863,208.0,-2.84138656
14:23:14.117000,1267.6221637480605,1689.3363465732562,50.337,-3.69493,208.0,6.44238663
14:23:15.175000,1253.1668232844045,1679.7591378486993,49.52,-2.63634872,219.0,44.5072556
14:23:16.342000,1243.1592798864344,1665.1934525781614,48.496,-3.012539,251.0,43.4964256
14:23:17.351000,1240.9353813525308,1646.1306432092742,48.534,-0.329702944,280.0,36.31261
14:23:17.480000,1244.2712291523255,1632.4727107627423,48.876,-0.119597577,296.0,26.2491989
14:23:18.448000,1250.0422458456453,1619.7974832099837,49.014,-1.0605371,309.0,15.7122478
14:23:19.521000,1260.6502418473235,1604.1991249916414,49.033,-2.04098058,319.0,4.02122068
14:23:20.479000,1268.7341130139514,1593.1478589172125,49.376,-2.305417,320.0,-3.23193526
14:23:21.550000,1276.7623867184516,1581.4886482873712,49.571,-3.0008285,316.0,-7.98879671
14:23:22.519000,1284.3014027449128,1569.5712694213353,49.285,-2.5385263,314.0,-7.89581156
14:23:23.580000,1292.8856510812977,1553.3649666423958,49.231,-2.71485853,309.0,-8.2401
14:23:24.545000,1296.2770963446346,1544.8454148723604,49.346,-2.415114,305.0,-7.716815
14:23:25.620000,1303.4936470829764,1529.0222004406355,49.415,0.7973619,306.0,41.4955063
14:23:26.583000,1312.8229014288447,1519.8613920846374,48.947,-2.18755269,332.0,40.30718
14:23:28.620000,1337.6749675345584,1517.3629898051884,50.184,-1.27767885,11.0,24.5427113
14:23:28.698000,1337.6749675345584,1517.3629898051884,50.184,-1.27767885,11.0,24.5427113
14:23:29.775000,1353.2422572641053,1524.0253958825579,51.153,-1.31772363,23.0,11.2036848
14:23:30.133000,1362.8717379118277,1530.179793496549,52.316,-2.83890986,30.0,3.231914
14:23:31.305000,1372.1453947941543,1536.517407277142,53.639,-4.78696442,29.0,-1.67167974
14:23:32.270000,1392.9944435396894,1549.8422194296672,54.391,-6.382188,28.0,-5.0227704
14:23:33.247000,1404.3919235205537,1555.9133369667322,54.75,-7.762802,27.0,-5.13328075
14:23:34.303000,1416.3231391491588,1561.3098858880414,54.829,-8.137845,23.0,-5.25921154
14:23:35.466000,1427.3536758729085,1568.1638361380158,52.73,-6.1230154,26.0,35.6768723
14:23:36.446000,1434.9816478401885,1581.0056238467555,50.395,-6.160221,54.0,36.2076
14:23:37.419000,1435.8378487760492,1597.3118627133697,49.841,-3.256331,77.0,28.565733
14:23:38.495000,1434.1365663981678,1605.4733101533227,49.985,-2.67075515,91.0,16.4194813
14:23:39.462000,1426.9200156591191,1625.1690481058854,50.215,-3.683061,97.0,5.199105
14:23:40.538000,1421.838407511741,1636.2869382384335,50.254,-4.62640572,100.0,0.5836852
14:23:42.505000,1410.8078707879913,1658.9391188800596,49.486,-5.637131,101.0,-4.580935
14:23:43.577000,1403.2799742539553,1677.5855278686524,48.63,-4.36382055,97.0,-5.63232
14:23:44.551000,1397.7202279216713,1694.7495515037372,48.744,-3.99561381,94.0,2.230508
14:23:45.529000,1389.9365830568977,1710.572765914984,48.376,-4.00657034,110.0,44.1306038
14:23:46.631000,1374.3692933266434,1722.698344958102,47.826,-3.92477,144.0,44.54389
14:23:46.767000,1354.8101057300512,1726.8290367192644,48.062,-1.13654327,172.0,39.95604
14:23:47.833000,1336.1515970390215,1723.897578049811,48.492,-2.2948916,192.0,27.60243
14:23:48.897000,1320.4619928892575,1718.251188908519,49.169,-0.729749262,200.0,15.2122145
14:23:49.963000,1300.5247425417106,1708.3991559354836,49.741,-2.275393,208.0,2.016045
14:23:51.020000,1286.1027605560384,1700.5791568138288,49.846,-3.52393675,211.0,-2.77776623
14:23:51.989000,1271.2471183565767,1692.8341097593936,49.322,-4.09606266,209.0,-7.08736563
14:23:53.056000,1250.942924751208,1678.9263370899148,48.304,-2.85664821,227.0,46.012146
14:23:54.308000,1242.8368145983147,1643.5906008941208,47.13,0.520451665,286.0,33.415062
14:23:55.340000,1248.3520829608967,1629.2997398703033,47.776,0.1035756,303.0,16.6533
14:23:56.363000,1254.7124327647925,1618.964682450802,49.048,-1.02083468,308.0,7.94473028
14:23:57.360000,1261.4953232893442,1608.6462810458222,50.222,-2.48265767,312.0,0.08676594
14:23:58.398000,1270.958011547148,1594.98834859529,51.214,-3.52954578,313.0,-4.05433273
14:23:59.490000,1278.7416564119214,1582.9127375853766,51.529,-4.393677,312.0,-7.46158743
14:24:00.443000,1286.1027605560384,1569.829437656494,51.805,-4.955096,311.0,-11.0032129
14:24:00.515000,1293.730732524733,1552.099109488155,53.058,-5.36050749,306.0,-5.27835941
14:24:01.498000,1298.7567432078617,1540.339962763579,53.134,-5.383094,304.0,-1.67505324
14:24:02.548000,1304.3164895408531,1529.0222004406355,52.529,-5.53266048,311.0,40.22517
14:24:03.617000,1317.6598807379107,1519.6948319325697,52.388,-2.88284588,341.0,35.3132133
14:24:04.581000,1328.779373402479,1517.7877181919882,52.952,-5.492829,1.0,29.349493
14:24:05.649000,1342.9344875642807,1520.6941928439135,53.282,-5.281647,12.0,19.057766
14:24:06.720000,1353.2422572641053,1525.0913808548007,53.033,-6.16759253,25.0,11.30709
14:24:07.777000,1362.8717379118277,1531.1291863622528,53.157,-6.546287,29.0,2.47371745
14:24:08.548000,1373.2573440600452,1537.3502080363162,53.566,-7.081057,29.0,-1.83145928
14:24:11.485000,1404.3919235205537,1556.5046255059628,53.925,-7.98833132,19.0,-5.66586828
14:24:12.562000,1415.9005984285022,1561.5014300623036,53.416,-10.31405,20.0,5.94478464
14:24:13.524000,1426.0749342163913,1569.5712694213353,52.216,-8.169727,32.0,36.2836647
14:24:14.493000,1432.8578247416503,1583.5456661631456,51.375,-7.556922,59.0,33.5443153
14:24:15.291000,1433.7140256768039,1599.8102649913176,51.153,-6.20675659,79.0,27.14038
14:24:16.298000,1432.4352840202866,1608.13827258254,51.467,-4.760899,89.0,16.8257637
14:24:16.446000,1427.3536758729085,1623.578398655879,51.234,-6.58292961,95.0,7.045276
14:24:17.498000,1420.5596658552236,1638.951900667539,51.019,-7.004096,103.0,1.06056023
14:24:18.566000,1413.776775329257,1653.7590981602468,50.571,-6.89843225,101.0,-1.74610233
14:24:19.625000,1407.4164255253618,1668.3747514771037,50.224,-6.67051,100.0,-4.0144043
14:24:20.696000,1401.901157164194,1683.306869080613,50.634,-6.23081446,100.0,-3.353646
14:24:21.747000,1396.385888802319,1698.0807545378818,50.96,-8.46524,93.0,4.27786827
14:24:22.819000,1393.2724308559852,1705.575961364509,50.384,-8.240271,107.0,43.7886772
14:24:23.895000,1381.0409889255259,1718.9007734998863,48.882,-3.7367537,138.0,44.2547379
14:24:24.866000,1359.4802926491982,1726.395980325225,47.759,-3.502771,161.0,40.2497
14:24:25.908000,1342.9344875642807,1725.5631795667591,47.344,-3.31325459,181.0,34.53642
14:24:26.975000,1321.729615052642,1718.9007734998863,47.683,-4.45025158,203.0,14.6271868
14:24:27.035000,1305.1838099684321,1710.9391982493055,48.324,-4.10055876,207.0,4.75720358
14:24:28.091000,1287.6372505440006,1702.044886148582,49.137,-3.96519971,211.0,-0.6934642
14:24:29.158000,1269.846062281257,1693.0839499868953,49.524,-4.58774,208.0,-3.91050482
14:24:30.161000,1249.1971644029175,1679.4926416058254,48.542,-5.84554672,231.0,44.7705345
14:24:30.202000,1241.5580729425049,1664.7687241918418,47.508,-2.81146574,258.0,42.0257034
14:24:31.272000,1240.2904507784128,1652.4849129990487,47.031,-2.074054,279.0,36.8871
14:24:32.337000,1244.5269774837705,1636.4534983903536,47.084,-1.94617641,297.0,23.7692146
14:24:33.390000,1250.0422458456453,1626.118440970903,47.769,-1.04905379,312.0,16.3754063
14:24:34.460000,1257.258796584694,1616.4662801737552,47.903,-2.861034,318.0,6.32576847
14:24:37.020000,1274.6496831123395,1596.2542057491191,48.656,-3.56040454,320.0,-7.02094746
14:24:37.092000,1283.9789374575005,1582.3214490467935,49.798,-5.104436,316.0,-7.768162
14:24:38.056000,1289.494205818668,1572.1113117374157,50.327,-5.564267,310.0,-8.045204
14:24:39.127000,1294.586933459179,1561.5014300623036,50.789,-5.532117,307.0,-7.19299269
14:24:40.187000,1299.2460008859005,1550.19199574909,50.937,-6.00772238,304.0,-6.25723076
14:24:41.128000,1304.3164895408531,1534.8518057577191,50.809,-4.998272,300.0,35.532135
14:24:42.187000,1310.9881851390285,1526.5237981613545,51.219,-3.40501738,319.0,37.719593
14:24:43.261000,1321.729615052642,1521.285481382769,51.906,-5.38513136,340.0,30.4846668
14:24:44.274000,1336.5630182672526,1520.6941928439135,51.902,-6.139818,3.0,24.6954327
14:24:45.316000,1346.5705616652226,1523.8255237002943,52.252,-5.06251335,14.0,15.524395
14:24:45.405000,1356.0888473858613,1529.0222004406355,52.419,-6.902097,20.0,7.289184
14:24:46.435000,1368.3870062729954,1536.517407277142,52.492,-7.17353439,24.0,1.30962467
14:24:47.483000,1376.871179176136,1542.347012593902,52.292,-7.664229,24.0,-2.54996753
14:24:50.030000,1394.3843801225835,1552.3406217085155,51.41,-7.2391777,21.0,-3.59483051
14:24:51.053000,1405.2926024261162,1557.8121226982994,50.887,-7.202696,18.0,-4.40544128
14:24:51.098000,1416.6233654517202,1562.5840710496097,50.707,-4.4617424,17.0,33.77028
14:24:52.142000,1426.9200156591191,1570.66223841599,49.66,-5.93105459,44.0,34.6198845
14:24:53.174000,1432.8578247416503,1584.503387035883,49.221,-5.37908649,60.0,31.8728485
14:24:54.250000,1432.8578247416503,1601.9755469647587,49.301,-7.153641,82.0,24.484
14:24:55.300000,1429.9667566494852,1615.0005508379988,50.197,-5.41193438,90.0,14.68394
14:24:56.830000,1424.4070103172012,1631.839782185743,50.645,-6.70431471,96.0,6.02670956
14:24:58.676000,1412.1755683860347,1660.4298322380637,50.625,-6.18982744,99.0,-2.88137555
14:24:59.646000,1406.137683868844,1674.4042289704755,50.11,-6.45988035,99.0,-3.06071186
14:25:00.729000,1399.3547933435848,1692.5176454705177,50.351,-5.50994444,97.0,-4.77022028
14:25:00.667000,1396.385888802319,1700.1377724112294,50.898,-2.3845346,94.0,41.4874229
14:25:01.742000,1385.7778928006405,1716.402371224317,49.983,-5.887681,119.0,43.137104
14:25:02.820000,1369.9214962609576,1724.921922982832,48.536,-4.23798227,145.0,42.429184
14:25:03.889000,1351.0183587309084,1726.8290367192644,47.341,-3.28241849,172.0,35.2656364
14:25:04.950000,1333.6052332191196,1723.3312735341067,46.826,-2.95921969,190.0,24.8232956
14:25:06.024000,1312.8229014288447,1714.436961434293,46.772,-2.09132576,203.0,9.891409
14:25:06.097000,1298.4009194424652,1706.4087621225822,46.886,-2.7409637,207.0,0.4072216
14:25:07.069000,1283.1894534776075,1698.0807545378818,46.824,-3.108313,208.0,-4.4464035
14:25:09.034000,1260.6502418473235,1686.4215439177126,46.316,-0.9553772,204.0,41.93455
14:25:09.984000,1246.495127685522,1673.454836105293,45.377,-2.75243449,236.0,45.777916
14:25:10.053000,1240.2904507784128,1655.6079158448604,45.261,-1.31053746,266.0,44.052063
14:25:12.025000,1241.5580729425049,1639.7847014260597,46.341,0.614123762,291.0,32.9196243
14:25:13.285000,1254.7124327647925,1611.469475618985,50.449,-1.61673522,314.0,8.569642
14:25:14.236000,1264.886768551974,1598.9774642314774,50.937,-4.517893,321.0,-0.2995699
14:25:15.375000,1272.5258600130942,1589.8166558802968,51.254,-4.50078154,320.0,-2.04231834
14:25:16.288000,1280.1649514735068,1580.3726952700342,51.47,-4.845741,317.0,-8.55714
14:25:16.319000,1289.071665097304,1566.0735062318113,51.918,-5.07188654,312.0,-7.833197
14:25:17.384000,1294.586933459179,1554.0062232271923,52.714,-5.83648,302.0,-7.77007866
14:25:18.342000,1299.2460008859005,1540.9812193479083,52.864,-6.37711954,300.0,-2.87379956
14:25:19.406000,1305.1838099684321,1529.0222004406355,52.303,-6.141777,311.0,38.3050461
14:25:20.380000,1313.2120836715176,1521.91840996083,51.404,-5.43832064,331.0,34.66693
14:25:21.510000,1328.0899648572447,1518.7371110588379,50.967,-4.42202,351.0,27.5283012
14:25:22.556000,1340.3881237436717,1521.285481382769,50.941,-4.67950773,10.0,17.8067379
14:25:23.628000,1351.0183587309084,1526.6820303059965,50.802,-5.0934906,20.0,9.58763
14:25:24.598000,1360.7479148125826,1532.719835813378,50.581,-5.273968,24.0,1.77393723
14:25:25.652000,1369.9214962609576,1538.7576413199604,50.483,-5.77805662,25.0,-1.86541212
14:25:26.727000,1378.8170903923294,1544.4706545312035,50.657,-5.68669176,22.0,-2.39583063
14:25:27.701000,1390.4480797197875,1551.1413886146531,50.92,-6.448987,21.0,-5.08962059
14:25:28.780000,1401.901157164194,1556.8627298322544,50.848,-6.531616,18.0,-3.81673312
14:25:30.739000,1424.4070103172012,1568.9966368969922,50.3,-5.045092,24.0,34.5296822
14:25:30.888000,1424.4070103172012,1568.9966368969922,50.3,-5.045092,24.0,34.5296822
14:25:31.950000,1432.8578247416503,1597.5283909108784,49.719,-5.58004427,74.0,30.6066952
14:25:33.023000,1432.1906551819748,1605.6398703052828,50.016,-3.70355988,91.0,17.3751183
14:25:34.077000,1426.9200156591191,1621.4630847283308,51.089,-5.90270424,97.0,5.319504
14:25:33.160000,1426.9200156591191,1621.4630847283308,51.089,-5.90270424,97.0,5.319504
14:25:34.232000,1420.5596658552236,1636.2869382384335,51.466,-7.77845764,96.0,0.341813415
14:25:35.312000,1413.776775329257,1651.443912050604,50.918,-7.84485149,98.0,-2.714081
14:25:36.375000,1406.9938848039976,1666.7841020276426,51.315,-6.30322647,96.0,-4.590403
14:25:39.211000,1391.2931611625154,1707.4497630710935,52.775,-5.73105049,103.0,40.8960762
14:25:40.276000,1382.8089882586676,1716.6605394597052,51.087,-7.015334,122.0,42.69143
14:25:41.317000,1364.3617499286734,1724.7303788082882,49.099,-4.61677265,152.0,42.049408
14:25:42.384000,1345.9033921055466,1724.7303788082882,47.801,-3.967551,178.0,34.37227
14:25:43.456000,1326.822342693153,1718.9007734998863,47.817,-2.67824817,194.0,12.6538124
14:25:44.414000,1303.4936470829764,1707.2415628811798,48.839,-3.41409922,203.0,2.38731122
14:25:45.479000,1288.215464162151,1699.188379546775,49.323,-4.43728876,207.0,-1.5015074
14:25:46.556000,1273.1819100803446,1691.2434603102479,49.545,-5.81824636,205.0,-5.76662445
14:25:46.684000,1258.9489594694428,1683.6233333684531,48.946,-2.92005467,206.0,45.36212
14:25:47.741000,1244.5269774837705,1666.7841020276426,47.718,-3.576796,244.0,45.1645355
14:25:48.803000,1240.7129914997768,1650.9025915573247,47.153,-2.1606884,268.0,41.7106819
14:25:49.867000,1242.4031543852325,1635.3292173655516,46.956,-2.874768,293.0,32.5639572
14:25:50.817000,1250.4647865670092,1618.131881692145,48.088,-1.44542921,306.0,14.1873989
14:25:51.856000,1257.6146203500905,1607.0556315961408,48.987,-2.55217123,317.0,7.62535143
14:25:52.609000,1265.3982652155712,1596.479061954043,49.536,-2.93665957,319.0,0.118232191
14:25:53.735000,1275.4058086135412,1582.9127375853766,49.885,-5.31307936,315.0,-4.35182762
14:25:55.775000,1289.071665097304,1561.3098858880414,52.164,-7.25752354,309.0,-9.122171
14:25:57.825000,1301.3698239851456,1534.3104852639547,52.203,-5.113858,301.0,38.099968
14:25:58.800000,1309.0089154455584,1524.8581966423383,51.193,-6.465959,323.0,36.5781441
14:26:00.830000,1334.0277739404837,1520.3277605095784,50.486,-5.609103,4.0,23.4256783
14:26:01.012000,1334.0277739404837,1520.3277605095784,50.486,-5.609103,4.0,23.4256783
14:26:01.874000,1354.354206530703,1528.589144045394,51.374,-5.00180054,21.0,6.584265
14:26:02.831000,1363.2498006620751,1534.3104852639547,51.706,-6.704116,25.0,1.825751
14:26:03.595000,1375.4812425925345,1542.347012593902,51.457,-7.111564,28.0,-0.00321405753
14:26:04.468000,1385.4887859905045,1548.176617910409,51.145,-7.506003,26.0,-6.66319752
14:26:05.438000,1395.963348080955,1554.0062232271923,50.871,-7.666907,24.0,-5.6445
14:26:06.513000,1407.4164255253618,1559.4027721491084,50.114,-7.0109024,25.0,-3.55703282
14:26:07.574000,1418.8472639842098,1564.4911847884973,49.305,-5.73923969,19.0,25.7795086
14:26:10.506000,1431.5902025782661,1595.6462611952406,47.758,-3.59809232,77.0,24.04985
14:26:12.946000,1423.5285703964892,1623.96148700528,48.796,-4.520481,94.0,5.10744143
14:26:14.838000,1411.6529522300118,1650.9025915573247,48.649,-5.37906361,97.0,-0.37874034
14:26:14.966000,1404.8700617054596,1667.7334948923467,48.852,-5.235259,100.0,-4.786328
14:26:16.036000,1400.6224155076766,1678.9263370899148,49.4,-5.50535965,98.0,-4.50348234
14:26:16.109000,1397.230970245047,1689.977603156842,50.514,-5.695157,98.0,-4.112072
14:26:17.079000,1391.2931611625154,1705.8591136221378,50.504,-6.18654728,90.0,41.45925
14:26:18.146000,1379.4175429960378,1718.0679727408394,48.999,-4.261764,128.0,43.84251
14:26:19.105000,1360.325374091926,1724.921922982832,47.862,-3.18710184,159.0,40.5972176
14:26:20.163000,1340.3881237436717,1723.6477378223724,47.895,-1.29874706,184.0,30.0497761
14:26:21.238000,1322.1076778035965,1717.2351719828457,48.686,-2.088785,198.0,14.5760384
14:26:22.316000,1306.8850923463133,1709.9898053844056,49.366,-3.74479032,202.0,5.58017731
14:26:23.384000,1292.8856510812977,1703.0775590886644,49.556,-4.259964,202.0,1.01097608
14:26:24.360000,1273.1819100803446,1692.8341097593936,50.847,-3.42801762,201.0,-5.020851
14:26:25.421000,1257.6146203500905,1684.2562619451903,51.794,-0.07296099,206.0,45.2114258
14:26:26.492000,1244.5269774837705,1669.3241443417953,50.48,-6.386103,244.0,44.7245865
14:26:27.636000,1239.8234320866395,1650.9025915573247,49.057,-4.28626966,273.0,39.08481
14:26:28.631000,1243.1592798864344,1630.8820613128273,47.505,-3.826809,297.0,27.8353443
14:26:28.761000,1250.0422458456453,1619.7974832099837,48.379,-0.111556895,308.0,12.1931458
14:26:29.825000,1257.6146203500905,1609.8038741005082,50.051,-2.6750834,317.0,4.07957029
14:26:30.558000,1267.010591651219,1598.144663472691,51.313,-4.263693,318.0,-1.27187
14:26:31.626000,1273.7934821764786,1589.5834716679483,51.435,-6.11994171,317.0,-3.63253546
14:26:32.678000,1280.5874921948707,1580.3726952700342,51.534,-6.32127857,316.0,-6.921055
14:26:33.736000,1289.071665097304,1566.0735062318113,51.266,-6.38010168,312.0,-8.550797
14:26:34.818000,1295.0094741805428,1554.0062232271923,51.355,-6.61070251,305.0,-7.21654
14:26:35.765000,1300.5247425417106,1540.6814110745506,51.581,-7.178074,303.0,-2.81244874
14:26:36.818000,1306.5403880733425,1529.0222004406355,50.917,-5.582971,311.0,38.1417542
14:26:37.882000,1319.605791954104,1519.3783676432695,49.418,-4.571375,342.0,35.6955528
14:26:38.951000,1330.636328677854,1517.7877181919882,49.129,-4.297357,359.0,30.11495
14:26:40.292000,1352.130307998214,1525.416173151505,49.222,-4.560519,23.0,11.0000238
14:26:41.363000,1361.6041157484433,1531.5206027193403,49.632,-5.20324755,30.0,2.54802179
14:26:42.430000,1372.1453947941543,1538.4411770317645,50.364,-5.292243,30.0,-1.54192615
14:26:43.523000,1382.1529381921243,1545.111911116043,50.704,-6.37458038,28.0,-4.99059343
14:26:43.666000,1395.1071471458017,1552.732038065012,50.465,-6.47790432,26.0,-6.764422
14:26:44.636000,1401.4786164428301,1556.229801254887,50.398,-6.164034,28.0,-4.29116631
14:26:45.811000,1414.399466919231,1561.9428144648546,50.609,-3.93616366,21.0,32.3889427
14:26:46.884000,1425.2298527743706,1569.254805132682,50.829,-4.424379,43.0,34.95825
14:26:47.958000,1431.0787059153763,1580.6558475279437,50.552,-5.41087341,51.0,35.1827126
14:26:48.916000,1432.1906551819748,1595.6462611952406,50.562,-5.381851,74.0,26.28562
14:26:49.990000,1428.1987573156364,1610.8698590725899,50.569,-7.024882,90.0,14.1751938
14:26:50.751000,1425.518959583092,1617.8570574411992,50.58,-4.655778,94.0,6.5378294
14:26:51.724000,1419.9592132515152,1631.4566938368957,51.151,-4.893642,100.0,1.93802643
14:26:52.795000,1413.2875176519253,1644.7815059797194,51.854,-6.92926025,100.0,-3.02954149
14:26:53.767000,1407.7277713196413,1657.5733256358242,51.915,-7.691942,98.0,-4.225177
14:26:54.826000,1402.1680249880644,1670.5983295028218,51.565,-7.88124,96.0,-4.569486
14:26:55.893000,1398.5097119015643,1680.5919386069481,51.09,-7.70135736,95.0,-4.68347836
14:26:57.893000,1387.4791751778146,1706.8085064870702,49.338,-7.00970459,107.0,41.0382347
14:26:57.973000,1387.4791751778146,1706.8085064870702,49.338,-7.00970459,107.0,41.0382347
14:26:57.105000,1372.6346524714857,1717.6099323240228,47.613,-5.51059675,137.0,41.0422974
14:26:58.276000,1355.4661557965944,1721.3991757743447,46.639,-3.73630548,163.0,36.7498436
14:26:59.344000,1331.0032719349686,1718.0679727408394,46.4,-2.935263,189.0,22.8939686
14:27:00.419000,1315.7918059701105,1712.238367432116,46.637,-2.55654716,199.0,11.8276978
14:27:01.496000,1300.9806417410582,1705.575961364509,47.003,-2.72164416,203.0,4.863862
14:27:02.572000,1280.9655549451181,1696.007080649157,47.507,-3.58533883,205.0,-2.31945968
14:27:04.824000,1248.3520829608967,1676.4279348140574,47.502,-4.445544,226.0,44.5181351
14:27:05.996000,1236.899005515783,1651.2190558452476,46.462,-1.375312,255.0,44.6111565
14:27:06.853000,1239.0117091226027,1633.12229535456,46.584,-1.56642067,287.0,31.909605
14:27:07.920000,1246.2282598616516,1618.131881692145,48.431,0.0114230113,308.0,19.0833912
14:27:08.884000,1254.2787725502958,1607.6968881801454,50.607,-1.730647,314.0,6.78686237
14:27:09.957000,1262.340404732072,1598.4777837761003,51.816,-4.79778767,321.0,-0.495073736
14:27:10.031000,1269.846062281257,1589.2670073793433,52.174,-6.421871,322.0,-6.943105
14:27:11.092000,1280.1649514735068,1576.242003503525,51.443,-6.887337,319.0,-7.67235661
14:27:12.210000,1287.6372505440006,1564.4911847884973,51.105,-5.18316841,314.0,-10.4768028
14:27:13.293000,1294.586933459179,1551.5078209489047,51.271,-5.16900539,308.0,-8.319125
14:27:13.283000,1300.091082327921,1537.7999204463636,51.457,-4.94437075,303.0,16.7466354
14:27:14.360000,1307.3076330676772,1525.6909974015841,51.273,-5.206059,317.0,39.6164551
14:27:15.434000,1322.5746964953698,1516.8383253261911,50.93,-5.918432,345.0,38.6462631
14:27:16.397000,1334.3391197347632,1516.530189045362,50.567,-4.2022295,7.0,30.36182
14:27:17.462000,1345.4586123986244,1519.8613920846374,50.888,-3.25177526,21.0,16.9376965
14:27:18.538000,1356.9339288292965,1527.35659892165,51.802,-4.386416,32.0,8.424243
14:27:19.490000,1365.4736991945647,1533.6692286790642,52.424,-6.02400732,34.0,1.39453137
14:27:20.559000,1373.9022746348703,1540.023498474857,52.861,-7.058681,36.0,-3.58436155
14:27:21.637000,1385.4887859905045,1547.6519534325907,52.984,-7.64482737,33.0,-3.44091964
14:27:23.392000,1406.137683868844,1559.4027721491084,53.123,-8.932485,24.0,-4.253929
14:27:29.758000,1418.0133020346145,1635.6206976312812,51.484,-7.37587261,98.0,0.376829773
14:27:30.619000,1412.498033673447,1648.3542212353882,51.498,-7.89848042,94.0,-2.7278204
14:27:31.688000,1405.503872787152,1665.1934525781614,50.896,-8.648693,94.0,-5.07960558
14:27:32.636000,1401.901157164194,1676.4279348140574,50.386,-8.919474,92.0,-3.96245742
14:27:33.602000,1398.0760516870675,1687.7540251314722,50.399,-8.298842,90.0,-4.662339
14:27:34.777000,1391.715701883172,1705.575961364509,49.488,-5.650133,91.0,45.11814
14:27:35.749000,1379.9290396589276,1717.6099323240228,47.705,-5.876338,130.0,44.48832
14:27:36.825000,1360.325374091926,1723.6477378223724,46.908,-3.5521,163.0,38.4139366
14:27:37.798000,1341.2443246795324,1722.0570883736304,46.72,-2.790902,181.0,28.831274
14:27:38.866000,1324.3315763367932,1716.6605394597052,46.603,-3.0238483,196.0,17.0661831
14:27:40.812000,1288.215464162151,1699.188379546775,46.915,-3.96504188,206.0,-3.00855565
14:27:41.879000,1273.1819100803446,1691.4183484695013,46.968,-4.46927357,205.0,-4.72229242
14:27:43.012000,1256.502671083492,1682.2575401244897,47.046,-0.8713044,210.0,44.4012947
14:27:42.126000,1243.1592798864344,1667.7334948923467,46.332,-1.9523865,243.0,45.86141
14:27:44.092000,1240.9353813525308,1628.9582915595624,46.618,-0.799651563,299.0,29.6790466
14:27:45.157000,1250.0422458456453,1613.726365676412,47.962,-1.3604542,313.0,13.9448881
14:27:45.239000,1250.0422458456453,1613.726365676412,47.962,-1.3604542,313.0,13.9448881
14:27:47.208000,1266.1655102084912,1593.9806596765607,49.783,-6.67717,326.0,1.48007774
14:27:48.265000,1277.6297071460306,1581.3220881359102,49.212,-10.9208918,324.0,1.6152761
14:27:49.330000,1285.669100342249,1571.4950391754808,47.362,-14.7680674,325.0,0.74556
14:27:51.266000,1303.2045402735475,1552.099109488155,43.532,-12.9045877,321.0,-0.421417058
14:27:52.334000,1314.3240329388234,1539.0158095557085,41.523,-11.5769863,322.0,0.163738385
14:27:53.498000,1322.5746964953698,1529.2220726228911,40.392,-9.386426,322.0,0.109078906
14:27:54.548000,1331.0032719349686,1519.6948319325697,39.839,-7.89449549,320.0,-0.763437569
14:27:55.621000,1341.6668654008963,1507.3693806879965,39.091,-8.81798649,318.0,4.141815
14:27:56.697000,1349.3059568613091,1499.0413730904882,38.637,-9.151878,320.0,-0.6525685
14:27:57.660000,1356.5781050639,1490.7133654914192,38.492,-8.14771,320.0,0.617035866
14:27:58.764000,1365.4736991945647,1480.3033559933392,37.982,-8.705592,321.0,0.487636715
14:27:58.867000,1371.778451535625,1472.991365320742,37.323,-8.757687,321.0,-9.724858
14:27:59.936000,1379.4175429960378,1463.2309404134603,36.219,-8.303384,318.0,-12.36109
14:28:01.010000,1384.9328113579127,1451.0720493160534,35.083,-8.087502,307.0,-18.9328632
14:28:02.065000,1388.3242566205424,1436.7728602643838,33.993,-7.80161953,296.0,-18.7734127
14:28:02.135000,1388.8246337902995,1421.8490706412736,33.178,-6.69979143,283.0,-3.26503825
14:28:03.199000,1389.1693380632703,1414.095695562676,32.997,-5.63031626,283.0,11.76778
14:28:04.255000,1391.048532323496,1398.6555694657739,32.87,-7.42953634,291.0,21.3505
14:28:05.218000,1395.1071471458017,1383.72345183084,32.342,-5.64433527,302.0,22.7255173
14:28:06.372000,1402.7462386062145,1370.3819836478801,32.045,-4.36849165,312.0,22.528368
14:28:07.329000,1413.776775329257,1360.2134863602896,31.927,-4.190121,324.0,25.1814346
14:28:08.378000,1426.6309088496903,1353.8592165570565,32.505,-4.11795,341.0,24.8030815
14:28:09.431000,1437.7504015135514,1351.6356385262077,32.743,-5.339303,354.0,22.4012585
14:28:10.385000,1451.9499936464697,1352.2685671039528,32.432,-4.82422161,11.0,25.1600742
14:28:11.625000,1462.5579896481481,1355.1334017210131,31.789,-5.18690729,23.0,23.061964
14:28:12.645000,1471.4647032726527,1360.52995064941,31.731,-3.8519423,37.0,18.5032349
14:28:12.676000,1479.5263354537221,1368.474869905846,33.048,-1.14998567,41.0,17.4381618
14:28:13.735000,1488.4330490789341,1382.7740589641535,33.313,-4.29557,53.0,17.8710136
14:28:14.797000,1492.2359155705024,1396.1155271465407,33.087,-2.81898332,64.0,20.82742
14:28:15.865000,1493.0921165049483,1410.7644925214413,32.833,-5.23036242,79.0,17.7018089
14:28:16.826000,1491.4019536201997,1423.4313920856835,32.256,-9.113521,83.0,3.36568117
14:28:17.986000,1489.7006712423185,1435.5070031090797,31.244,-5.88690853,85.0,1.12220907
14:28:18.956000,1487.1543074224167,1451.3885136055085,30.388,-5.57844,83.0,1.91755176
14:28:20.015000,1484.4522707050212,1462.1899394630066,29.311,-5.414332,84.0,0.147587121
14:28:20.074000,1482.228372172532,1472.0419724541089,28.131,-9.732257,84.0,-0.8437948
14:28:21.139000,1480.0044736386283,1482.3853578929115,25.786,-13.4201527,82.0,-1.42038774
14:28:22.110000,1477.4025123558915,1495.5519379065609,22.028,-13.7738218,84.0,-0.962314546
14:28:23.185000,1475.5566765729423,1505.0791785985598,20.268,-8.83577,83.0,1.24875963
14:28:24.266000,1473.5885263711907,1515.6973882855305,19.896,-2.93677163,89.0,0.101638749
14:28:25.425000,1471.4647032726527,1526.0491017284874,19.064,-10.1923809,85.0,-2.61136651
14:28:26.435000,1468.8849809747671,1541.297683636628,16.106,-14.4982014,91.0,1.28284156
14:28:26.592000,1466.6610824415707,1553.1734224681215,13.439,-10.2889423,86.0,1.4635433
14:28:27.572000,1464.6706932542606,1565.1241133663545,12.754,-4.35568953,86.0,-0.384794116
14:28:28.631000,1462.980530369512,1574.826242212862,12.695,-7.96138525,86.0,-1.88407266
14:28:29.685000,1460.4341665496104,1588.1510543615427,9.355,-20.615921,83.0,-0.6233313
14:28:30.755000,1458.8774375767973,1598.7942480646823,6.955,-3.0591023,86.0,2.07302976
14:28:31.832000,1457.0427212869806,1609.8038741005082,7.115,5.55709076,89.0,-1.02471185
14:28:32.709000,1454.0738167457148,1623.578398655879,7.606,-1.19969094,82.0,-2.14519548
14:28:34.063000,1451.0937927113164,1641.6834871563997,5.522,-0.3370043,80.0,-3.69741821
14:28:36.034000,1449.9818434447182,1649.3119421076417,4.639,-0.711419046,79.0,0.129067957
14:28:36.988000,1448.869894178827,1657.2735173627357,3.611,-0.06470073,80.0,0.775670469
14:28:37.945000,1447.7579449115215,1664.7687241918418,2.756,0.6852801,81.0,0.810275853
14:28:39.010000,1446.0121845639383,1673.92953253762,2.383,-2.193314,84.0,3.24038529
14:28:39.087000,1446.0121845639383,1682.6656124959334,2.171,-3.09123421,79.0,5.16627
14:28:40.125000,1446.8572660066661,1685.846911394427,2.059,-1.63163638,74.0,1.95834625
14:28:41.130000,1448.5585483845473,1691.2434603102479,1.838,-2.14186144,74.0,1.82246292
14:28:41.288000,1448.5585483845473,1691.2434603102479,1.838,-2.14186144,74.0,1.82246292
14:28:42.363000,1448.5585483845473,1691.2434603102479,1.838,-2.14186144,60.0,1.82246292
14:28:43.423000,1448.5585483845473,1691.2434603102479,1.838,-2.14186144,60.0,1.82246292
14:28:44.389000,1448.5585483845473,1691.2434603102479,1.838,-2.14186144,60.0,1.82246292
14:28:45.467000,1448.5585483845473,1691.2434603102479,1.838,-2.14186144,60.0,1.82246292
14:28:46.531000,1448.5585483845473,1691.2434603102479,1.838,-2.14186144,60.0,1.82246292
14:28:47.500000,1448.5585483845473,1691.2434603102479,1.838,-2.14186144,60.0,1.82246292
14:28:48.576000,1448.5585483845473,1691.2434603102479,1.838,-2.14186144,50.0,1.82246292
14:28:49.652000,1457.7654883094915,1704.7431606058997,1.108,-6.00106239,34.0,-5.16566849
14:28:50.730000,1459.166544386226,1703.3190713087397,1.306,-11.8506117,29.0,0.421833217
14:28:51.795000,1460.4341665496104,1701.7284218602595,1.359,-13.0942831,18.0,5.871241
14:28:52.861000,1462.5579896481481,1699.7463560546557,1.335,-7.782551,14.0,10.5348568
14:28:53.938000,1463.3252346424829,1698.0807545378818,1.342,-8.44519,10.0,5.57302427
14:28:54.907000,1465.1043534687574,1694.7495515037372,1.349,-4.79391575,10.0,5.365591
14:28:55.978000,1465.9494349107779,1692.5176454705177,1.412,-8.246295,13.0,9.385673
14:28:56.932000,1468.8849809747671,1686.7963042589847,1.549,-11.6778412,21.0,10.08875
14:28:57.986000,1469.9969302406582,1683.9231416420075,1.555,-6.821472,26.0,9.157715
14:28:58.938000,1471.8872439933093,1679.7591378486993,1.539,-12.3171225,14.0,9.955005
14:29:00.233000,1474.0110670925544,1672.5054432401023,1.608,-14.823348,6.0,2.0381422
14:29:01.282000,1474.8561485359899,1669.9570729186064,1.568,-4.923901,15.0,8.111892
14:29:02.322000,1475.5566765729423,1667.7334948923467,1.501,-7.4104557,18.0,12.8565016
14:29:03.145000,1476.9799716338202,1664.5605240018563,1.462,-6.46380234,6.0,7.55304527
14:29:04.183000,1477.4025123558915,1662.6534102644537,1.474,-4.998949,8.0,6.96171761
14:29:05.231000,1477.4025123558915,1660.4298322380637,1.586,-2.80741429,13.0,1.55685985
14:29:06.253000,1477.780575106139,1659.1556470774638,1.635,-7.295397,12.0,-2.06998348
14:29:07.311000,1478.2475937979123,1657.2735173627357,1.704,-5.35680628,15.0,1.17399037
14:29:08.235000,1478.6701345192762,1655.9826761862253,1.704,-7.95972729,10.0,2.61040854
14:29:09.340000,1478.8925243727372,1653.9423143274926,1.803,-4.92084074,6.0,17.92938
14:29:11.724000,1481.1164229052265,1650.2613349730082,1.596,-4.758292,14.0,3.15172458
14:29:13.928000,1482.4952399964025,1647.2799082562103,1.607,-6.58329248,15.0,2.40984917
14:29:14.977000,1483.3403214384232,1646.1306432092742,1.518,-3.843251,20.0,1.3696475
14:29:15.702000,1483.7628621597871,1645.8141789202793,1.477,-6.87381363,8.0,-1.24372137
14:29:16.791000,1484.4522707050212,1643.1159044616784,1.338,-8.755921,11.0,-2.41460943
14:29:17.784000,1484.4522707050212,1641.6834871563997,1.309,-8.840729,358.0,0.4319671
14:29:18.827000,1484.4522707050212,1640.1011657145402,1.253,-7.06647253,6.0,-1.46758544
14:29:19.804000,1484.4522707050212,1638.951900667539,1.215,-2.93163776,5.0,-1.60274243
14:29:20.936000,1485.0416038163044,1637.2862991494205,1.254,-5.0679636,8.0,6.376862
